Department of Commerce,,,,,,,,,,,,,,,,,,,,,,,,,,,,,,,,,,,
Export Import Data Bank,,,,,,,,,,,,,,,,,,,,,,,,,,,,,,,,,,,
Export :: Country-wise,,,,,,,,,,,,,,,,,,,,,,,,,,,,,,,,,,,
S.No.,Country,2008-2009,%Share,2009-2010,%Share,2010-2011,%Share,2011-2012,%Share,2012-2013,%Share,2013-2014,%Share,2014-2015,%Share,2015-2016,%Share,2016-2017,%Share,2017-2018,%Share,2018-2019,%Share,2019-2020,%Share,2020-2021,%Share,2021-2022,%Share,2022-2023,%Share,2023-2024,%Share,2024-2025,%Share
1,AFGHANISTAN,"1,82,344.16",0.2169,"2,20,362.72",0.2606,"1,92,084.44",0.1689,"2,42,911.61",0.1657,"2,56,913.51",0.1572,"2,87,887.63",0.1511,"2,58,129.99",0.1361,"3,43,603.32",0.2002,"3,39,681.55",0.1837,"4,57,689.46",0.2339,"4,99,237.48",0.2163,"7,08,458.49",0.3191,"6,10,620.02",0.2828,"4,12,904.21",0.1312,"3,49,497.81",0.0965,"2,94,271.23",0.0813,"52,978.61",0.0847
2,ALBANIA,"5,589.70",0.0066,"4,027.54",0.0048,"5,227.48",0.0046,"6,067.02",0.0041,"9,516.13",0.0058,"11,452.04",0.006,"11,864.20",0.0063,"15,761.32",0.0092,"17,712.46",0.0096,"18,899.84",0.0097,"25,841.91",0.0112,"31,304.91",0.0141,"34,619.48",0.016,"41,040.28",0.013,"2,82,091.42",0.0779,"9,55,574.35",0.264,"10,652.75",0.017
3,ALGERIA,"2,99,636.27",0.3564,"2,73,710.63",0.3237,"3,55,787.00",0.3129,"3,99,229.96",0.2723,"5,93,469.61",0.3631,"6,45,013.91",0.3386,"6,49,379.34",0.3424,"5,13,489.40",0.2992,"5,64,343.84",0.3051,"5,30,692.45",0.2712,"6,57,528.82",0.2849,"4,31,687.12",0.1945,"4,39,809.69",0.2037,"5,23,800.52",0.1664,"4,93,476.51",0.1363,"7,02,538.33",0.1941,"1,19,885.96",0.1916
4,AMERI SAMOA,58.26,0.0001,40.45,0,92.93,0.0001,975.04,0.0007,198.71,0.0001,31.12,0,117.44,0.0001,100.4,0.0001,51.64,0,199.72,0.0001,18.08,0,90.71,0,433.28,0.0002,578.07,0.0002,22.64,0,"3,440.25",0.001,814.21,0.0013
5,ANDORRA,412.37,0.0005,96.49,0.0001,120.35,0.0001,125.48,0.0001,58.51,0,74.07,0,156.23,0.0001,76.71,0,97.23,0.0001,"3,076.34",0.0016,231.83,0.0001,55.29,0,15.16,0,36.8,0,181.19,0.0001,262.29,0.0001,,
6,ANGOLA,"1,70,381.68",0.2027,"3,00,573.43",0.3555,"3,06,051.00",0.2692,"2,20,531.54",0.1504,"2,65,962.37",0.1627,"3,26,612.13",0.1714,"3,37,765.80",0.1781,"1,45,440.44",0.0847,"1,03,721.20",0.0561,"1,51,360.51",0.0774,"1,97,413.38",0.0855,"2,01,921.52",0.091,"1,92,123.42",0.089,"3,37,797.68",0.1073,"4,99,169.47",0.1378,"5,78,303.97",0.1598,"62,785.79",0.1004
7,ANGUILLA,39.04,0,23.2,0,77.08,0.0001,54.4,0,78.77,0,14.34,0,30.46,0,10.39,0,28.28,0,324.08,0.0002,113.38,0,31.68,0,37.51,0,67.78,0,33.96,0,219.75,0.0001,18.51,0
8,ANTARTICA,,,47.57,0.0001,76.99,0.0001,30.87,0,92.58,0.0001,36.87,0,2.26,0,0.92,0,,,64.65,0,2.34,0,15.09,0,768.86,0.0004,56.01,0,83.86,0,215.44,0.0001,3.17,0
9,ANTIGUA,"1,314.82",0.0016,692.58,0.0008,429.26,0.0004,417.89,0.0003,738.06,0.0005,"1,339.51",0.0007,"1,278.97",0.0007,"1,680.01",0.001,"1,327.55",0.0007,"1,394.67",0.0007,"1,886.81",0.0008,"1,549.69",0.0007,"1,191.35",0.0006,"1,846.21",0.0006,"2,339.83",0.0006,"12,341.80",0.0034,805.82,0.0013
10,ARGENTINA,"1,60,966.71",0.1915,"1,27,646.97",0.151,"1,84,270.42",0.1621,"2,27,644.41",0.1553,"2,94,094.08",0.1799,"3,70,833.15",0.1947,"2,81,084.40",0.1482,"3,50,982.49",0.2045,"3,42,382.01",0.1851,"4,56,702.56",0.2334,"3,91,032.85",0.1694,"5,42,861.50",0.2445,"5,08,761.93",0.2356,"10,66,132.05",0.3388,"7,66,711.04",0.2117,"8,99,051.77",0.2484,"1,45,477.44",0.2325
11,ARMENIA,"9,221.80",0.011,"8,755.04",0.0104,"8,996.24",0.0079,"18,382.13",0.0125,"22,043.35",0.0135,"44,205.11",0.0232,"56,035.87",0.0295,"15,001.63",0.0087,"20,326.52",0.011,"21,461.84",0.011,"18,075.61",0.0078,"28,605.01",0.0129,"51,462.16",0.0238,"20,436.52",0.0065,"49,566.44",0.0137,"78,813.55",0.0218,"24,814.53",0.0397
12,ARUBA,900.86,0.0011,699.95,0.0008,679.79,0.0006,"1,273.99",0.0009,"1,569.30",0.001,"2,013.65",0.0011,"2,378.56",0.0013,"4,545.62",0.0026,"5,307.44",0.0029,"4,152.99",0.0021,"6,748.33",0.0029,"7,003.48",0.0032,"2,069.05",0.001,"4,639.37",0.0015,"11,812.97",0.0033,"12,232.21",0.0034,"1,561.69",0.0025
13,AUSTRALIA,"6,57,633.39",0.7822,"6,55,895.11",0.7757,"7,80,297.64",0.6863,"11,99,021.98",0.8179,"12,79,380.49",0.7828,"13,95,848.63",0.7327,"17,00,121.25",0.8965,"21,33,079.57",1.2428,"19,82,786.24",1.0721,"25,85,652.49",1.3216,"24,56,008.99",1.0643,"20,19,788.66",0.9099,"29,92,763.87",1.3862,"61,84,104.67",1.9651,"55,55,482.59",1.534,"65,66,764.17",1.8144,"8,58,059.50",1.3716
14,AUSTRIA,"2,32,281.02",0.2763,"1,20,039.04",0.142,"2,69,235.05",0.2368,"1,63,132.06",0.1113,"1,78,811.36",0.1094,"2,03,706.98",0.1069,"2,21,799.75",0.117,"2,22,762.95",0.1298,"2,56,859.69",0.1389,"2,96,472.88",0.1515,"3,37,375.05",0.1462,"3,22,884.71",0.1455,"3,35,433.26",0.1554,"4,20,510.60",0.1336,"10,17,757.23",0.281,"9,41,251.24",0.2601,"2,28,774.74",0.3657
15,AZERBAIJAN,"15,910.20",0.0189,"14,202.10",0.0168,"17,527.67",0.0154,"34,981.60",0.0239,"47,495.03",0.0291,"74,670.28",0.0392,"67,597.06",0.0356,"21,822.15",0.0127,"27,053.77",0.0146,"21,713.98",0.0111,"30,626.95",0.0133,"37,606.14",0.0169,"37,621.54",0.0174,"27,149.22",0.0086,"81,373.28",0.0225,"74,289.72",0.0205,"11,918.07",0.0191
16,BAHAMAS,"1,034.54",0.0012,"4,11,243.13",0.4864,"9,93,037.59",0.8734,"10,56,148.60",0.7204,"14,49,976.69",0.8872,"1,30,219.34",0.0684,"73,343.18",0.0387,"7,892.40",0.0046,"3,982.13",0.0022,"5,204.39",0.0027,"4,258.10",0.0018,"43,132.02",0.0194,"3,372.60",0.0016,"6,011.63",0.0019,"10,344.33",0.0029,"88,347.73",0.0244,"1,217.40",0.0019
17,BAHARAIN IS,"1,31,407.49",0.1563,"1,18,507.43",0.1402,"2,93,276.84",0.2579,"2,11,834.41",0.1445,"3,28,366.74",0.2009,"3,76,321.12",0.1975,"2,89,651.42",0.1527,"4,25,939.57",0.2482,"3,16,258.52",0.171,"3,58,885.17",0.1834,"5,21,482.40",0.226,"3,96,962.47",0.1788,"3,90,363.06",0.1808,"6,70,604.98",0.2131,"7,78,779.62",0.215,"7,54,172.95",0.2084,"1,11,940.45",0.1789
18,BANGLADESH PR,"11,31,721.47",1.3461,"11,50,106.83",1.3602,"14,75,247.50",1.2975,"18,38,669.09",1.2542,"27,98,257.77",1.7122,"37,41,126.05",1.9638,"39,44,038.17",2.0798,"39,52,725.87",2.3029,"45,74,043.70",2.4732,"55,53,699.44",2.8386,"64,39,152.25",2.7903,"58,17,660.89",2.6207,"71,50,929.35",3.3121,"1,20,53,472.57",3.8301,"97,78,450.59",2.7001,"91,61,333.10",2.5313,"14,88,646.29",2.3796
19,BARBADOS,"1,761.65",0.0021,"2,041.99",0.0024,"2,482.31",0.0022,"3,615.88",0.0025,"3,193.11",0.002,"3,895.66",0.002,"6,240.09",0.0033,"6,896.14",0.004,"8,294.29",0.0045,"8,216.93",0.0042,"8,707.91",0.0038,"9,043.18",0.0041,"8,199.99",0.0038,"12,079.32",0.0038,"19,252.77",0.0053,"15,594.73",0.0043,"5,038.32",0.0081
20,BELARUS,"16,350.95",0.0194,"17,968.98",0.0213,"16,495.80",0.0145,"59,738.82",0.0408,"30,111.21",0.0184,"32,544.21",0.0171,"29,369.31",0.0155,"23,474.44",0.0137,"26,930.16",0.0146,"30,690.08",0.0157,"38,997.39",0.0169,"39,502.18",0.0178,"46,136.74",0.0214,"48,682.85",0.0155,"35,191.95",0.0097,"36,287.86",0.01,"6,563.00",0.0105
21,BELGIUM,"20,30,939.59",2.4156,"17,75,704.94",2.1001,"26,34,703.81",2.3173,"34,20,614.59",2.3334,"29,92,640.23",1.8311,"38,68,685.89",2.0308,"33,71,799.10",1.778,"32,95,874.77",1.9202,"37,91,503.93",2.0501,"40,00,724.73",2.0448,"47,00,768.29",2.037,"41,16,419.76",1.8544,"38,68,277.85",1.7917,"75,22,465.09",2.3903,"70,99,803.30",1.9604,"64,87,206.34",1.7924,"8,73,490.38",1.3963
22,BELIZE,"1,312.25",0.0016,"1,168.78",0.0014,"6,524.96",0.0057,"12,548.61",0.0086,"12,808.50",0.0078,"13,402.48",0.007,"14,970.47",0.0079,"9,512.81",0.0055,"10,223.37",0.0055,"8,683.80",0.0044,"11,885.78",0.0052,"10,105.61",0.0046,"6,965.29",0.0032,"11,382.25",0.0036,"12,836.57",0.0035,"11,145.92",0.0031,"1,959.18",0.0031
23,BENIN,"93,677.50",0.1114,"1,04,637.95",0.1238,"1,19,939.62",0.1055,"3,08,301.10",0.2103,"2,60,476.27",0.1594,"4,63,642.15",0.2434,"3,03,851.22",0.1602,"2,79,795.15",0.163,"3,00,124.83",0.1623,"3,08,926.03",0.1579,"2,98,715.13",0.1294,"2,29,743.75",0.1035,"4,10,244.92",0.19,"5,34,781.14",0.1699,"7,20,409.46",0.1989,"6,21,582.04",0.1717,"1,33,101.34",0.2128
24,BERMUDA,351.17,0.0004,390.76,0.0005,411.33,0.0004,481.18,0.0003,733.53,0.0004,"1,574.44",0.0008,"1,667.50",0.0009,"1,691.08",0.001,"2,818.77",0.0015,"2,008.27",0.001,"2,204.35",0.001,"1,758.55",0.0008,"3,310.80",0.0015,"4,125.44",0.0013,"4,052.20",0.0011,"5,038.44",0.0014,614.17,0.001
25,BHUTAN,"50,927.26",0.0606,"56,085.31",0.0663,"80,151.85",0.0705,"1,10,440.44",0.0753,"1,26,739.17",0.0775,"2,15,494.52",0.1131,"2,05,102.76",0.1082,"3,06,807.74",0.1788,"3,41,354.14",0.1846,"3,52,001.90",0.1799,"4,59,132.95",0.199,"5,23,528.64",0.2358,"5,19,322.07",0.2405,"6,60,458.94",0.2099,"8,66,258.27",0.2392,"7,97,993.86",0.2205,"1,55,901.49",0.2492
26,BOLIVIA,"4,382.33",0.0052,"4,617.34",0.0055,"7,144.33",0.0063,"12,071.61",0.0082,"31,193.16",0.0191,"32,032.90",0.0168,"43,314.16",0.0228,"48,653.08",0.0283,"53,258.88",0.0288,"67,857.30",0.0347,"73,487.82",0.0318,"80,389.39",0.0362,"69,619.54",0.0322,"87,736.29",0.0279,"61,950.03",0.0171,"59,066.00",0.0163,"11,044.31",0.0177
27,BOSNIA-HRZGOVIN,"2,449.17",0.0029,"1,279.94",0.0015,"1,450.11",0.0013,"2,797.58",0.0019,"3,761.58",0.0023,"7,040.81",0.0037,"10,926.73",0.0058,"12,947.50",0.0075,"8,794.28",0.0048,"9,914.39",0.0051,"11,914.25",0.0052,"10,848.24",0.0049,"11,161.27",0.0052,"12,679.18",0.004,"13,886.29",0.0038,"24,217.27",0.0067,"2,114.20",0.0034
28,BOTSWANA,"11,704.04",0.0139,"10,426.09",0.0123,"15,288.33",0.0134,"24,181.23",0.0165,"28,004.85",0.0171,"33,226.16",0.0174,"27,079.05",0.0143,"34,149.14",0.0199,"51,686.36",0.0279,"69,840.13",0.0357,"1,25,351.91",0.0543,"1,26,532.25",0.057,"1,27,411.72",0.059,"2,07,735.71",0.066,"1,35,225.30",0.0373,"90,420.93",0.025,"30,713.34",0.0491
29,BR VIRGN IS,"17,119.26",0.0204,"38,970.64",0.0461,189.09,0.0002,479.29,0.0003,299.5,0.0002,243.19,0.0001,405.31,0.0002,553.5,0.0003,275.76,0.0001,491.7,0.0003,"7,263.00",0.0031,351.21,0.0002,188.32,0.0001,267.22,0.0001,366.33,0.0001,528.85,0.0001,262.03,0.0004
30,BRAZIL,"11,87,440.98",1.4124,"11,36,483.36",1.3441,"18,33,586.35",1.6127,"27,57,688.27",1.8811,"32,87,202.20",2.0114,"33,87,063.53",1.778,"36,34,024.19",1.9163,"17,26,086.45",1.0057,"16,09,747.63",0.8704,"19,74,731.34",1.0093,"26,61,743.29",1.1534,"28,11,824.32",1.2667,"31,36,033.79",1.4525,"48,34,955.97",1.5364,"79,60,684.39",2.1981,"49,80,912.58",1.3762,"10,27,995.74",1.6432
31,BRUNEI,"7,994.52",0.0095,"11,605.02",0.0137,"10,525.05",0.0093,"4,06,235.77",0.2771,"21,830.06",0.0134,"19,610.80",0.0103,"25,609.08",0.0135,"18,572.88",0.0108,"28,720.87",0.0155,"40,713.46",0.0208,"39,346.37",0.017,"40,907.41",0.0184,"46,468.60",0.0215,"32,168.79",0.0102,22.45,0,,,"6,312.20",0.0101
32,BULGARIA,"33,011.76",0.0393,"24,128.28",0.0285,"31,736.99",0.0279,"52,059.37",0.0355,"85,393.39",0.0523,"1,01,801.81",0.0534,"1,63,555.97",0.0862,"94,946.06",0.0553,"1,60,506.35",0.0868,"1,11,676.56",0.0571,"1,47,874.07",0.0641,"1,12,420.09",0.0506,"1,26,031.82",0.0584,"1,84,187.34",0.0585,"55,771.83",0.0154,"55,799.83",0.0154,"33,114.55",0.0529
33,BURKINA FASO,"21,960.15",0.0261,"17,337.36",0.0205,"20,829.94",0.0183,"40,625.66",0.0277,"46,830.01",0.0287,"62,444.72",0.0328,"68,848.89",0.0363,"71,610.75",0.0417,"77,113.28",0.0417,"95,653.10",0.0489,"1,27,193.40",0.0551,"1,09,074.68",0.0491,"1,53,836.40",0.0713,"1,46,552.11",0.0466,"1,70,058.28",0.047,"1,85,187.44",0.0512,"18,286.13",0.0292
34,BURUNDI,"6,494.28",0.0077,"5,964.60",0.0071,"7,342.00",0.0065,"11,665.58",0.008,"17,719.60",0.0108,"18,550.24",0.0097,"19,255.58",0.0102,"18,999.97",0.0111,"24,027.12",0.013,"24,546.01",0.0125,"34,079.51",0.0148,"41,435.56",0.0187,"47,468.24",0.022,"45,051.97",0.0143,"1,41,939.91",0.0392,"99,983.45",0.0276,"5,406.67",0.0086
35,C AFRI REP,"1,122.73",0.0013,"2,409.50",0.0028,"1,597.02",0.0014,"3,051.82",0.0021,"4,583.90",0.0028,"4,615.46",0.0024,"4,735.72",0.0025,"6,054.76",0.0035,"6,897.65",0.0037,"19,251.39",0.0098,"19,131.15",0.0083,"39,526.75",0.0178,"17,567.02",0.0081,"15,044.04",0.0048,"34,538.81",0.0095,"31,804.74",0.0088,"2,589.63",0.0041
36,CAMBODIA,"21,507.71",0.0256,"21,553.19",0.0255,"30,483.23",0.0268,"47,753.35",0.0326,"60,998.60",0.0373,"85,808.61",0.045,"87,409.72",0.0461,"93,502.35",0.0545,"70,495.74",0.0381,"78,293.09",0.04,"1,37,081.94",0.0594,"1,33,176.63",0.06,"1,24,752.10",0.0578,"1,48,094.49",0.0471,"16,582.74",0.0046,"54,002.75",0.0149,"25,393.40",0.0406
37,CAMEROON,"42,335.75",0.0504,"36,388.98",0.043,"55,157.69",0.0485,"95,134.46",0.0649,"1,36,482.37",0.0835,"1,57,035.81",0.0824,"1,52,553.47",0.0804,"1,24,568.34",0.0726,"99,824.43",0.054,"1,25,015.24",0.0639,"1,24,948.32",0.0541,"1,62,124.50",0.073,"2,06,334.98",0.0956,"3,00,937.09",0.0956,"1,77,043.20",0.0489,"1,53,433.99",0.0424,"78,817.50",0.126
38,CANADA,"6,24,678.79",0.743,"5,32,057.94",0.6293,"6,13,988.55",0.54,"9,92,373.57",0.6769,"11,08,246.48",0.6781,"12,34,403.73",0.648,"13,43,067.75",0.7082,"13,20,679.53",0.7695,"13,43,585.41",0.7265,"16,15,354.01",0.8256,"19,93,563.25",0.8639,"20,21,484.00",0.9106,"21,91,316.23",1.0149,"28,07,081.58",0.892,"4,48,317.89",0.1238,"3,75,987.25",0.1039,"5,36,224.57",0.8572
39,CANARY IS,,,27.25,0,63.91,0.0001,2.58,0,3.68,0,1.57,0,11.34,0,,,839.93,0.0005,952.56,0.0005,"1,110.88",0.0005,"1,541.82",0.0007,"2,453.34",0.0011,"4,673.85",0.0015,"32,93,896.84",0.9095,"31,83,684.74",0.8796,542.36,0.0009
40,CAPE VERDE IS,175.76,0.0002,330.17,0.0004,226.22,0.0002,219.83,0.0001,513.32,0.0003,869.78,0.0005,"2,501.95",0.0013,936.52,0.0005,"3,179.56",0.0017,"2,594.11",0.0013,"3,047.34",0.0013,"4,698.21",0.0021,"3,187.77",0.0015,"4,945.46",0.0016,"3,599.72",0.001,"2,611.71",0.0007,"55,012.61",0.0879
41,CAYMAN IS,265.85,0.0003,376.82,0.0004,129.83,0.0001,449.25,0.0003,209.73,0.0001,"1,937.48",0.001,"4,030.21",0.0021,"2,337.23",0.0014,"25,804.42",0.014,"17,597.66",0.009,"26,313.91",0.0114,"41,727.80",0.0188,"43,786.46",0.0203,"39,456.17",0.0125,"4,566.31",0.0013,"5,900.33",0.0016,"14,916.34",0.0238
42,CHAD,"7,188.97",0.0086,"3,269.72",0.0039,"5,441.09",0.0048,"18,848.49",0.0129,"25,202.98",0.0154,"20,156.37",0.0106,"24,931.28",0.0131,"28,349.78",0.0165,"4,52,188.46",0.2445,"4,92,191.03",0.2516,"6,91,209.06",0.2995,"5,61,173.81",0.2528,"5,95,017.21",0.2756,"8,80,788.26",0.2799,"46,302.68",0.0128,"66,194.67",0.0183,"1,36,397.71",0.218
43,CHANNEL IS,22.18,0,,,"2,31,336.65",0.2035,8.79,0,32.26,0,9.89,0,0.01,0,,,"68,25,091.98",3.6904,"85,99,429.96",4.3953,"1,17,28,910.90",5.0825,"1,17,67,331.48",5.3009,"1,57,20,159.04",7.2811,"1,58,21,547.51",5.0275,"9,36,922.46",0.2587,"9,79,460.08",0.2706,"21,35,705.93",3.4139
44,CHILE,"1,77,677.13",0.2113,"1,31,888.43",0.156,"64,31,514.27",5.6567,"2,51,439.18",0.1715,"3,75,900.08",0.23,"4,02,825.09",0.2115,"3,46,116.02",0.1825,"4,45,108.27",0.2593,12.94,0,,,,,2.82,0,,,4.93,0,"1,22,77,398.94",3.3901,"1,37,96,645.41",3.812,,
45,CHINA P RP,"42,66,133.36",5.0742,"54,71,392.87",6.4709,533.82,0.0005,"87,47,082.09",5.9668,"73,52,956.23",4.4991,"90,56,108.68",4.7538,"73,03,043.30",3.8511,"58,93,941.16",3.4339,"5,25,985.14",0.2844,"6,05,414.89",0.3094,"7,81,087.66",0.3385,"7,39,768.53",0.3333,0.43,0,,,,,2.84,0,,
46,CHRISTMAS IS.,96.56,0.0001,741.68,0.0009,421.76,0.0004,8.9,0,15.02,0,4.47,0,5.78,0,,,"13,911.10",0.0075,"19,156.60",0.0098,"13,451.57",0.0058,"13,383.88",0.006,"6,38,459.93",0.2957,"10,26,657.94",0.3262,9.63,0,10.53,0,"1,88,796.09",0.3018
47,COCOS IS,0.72,0,2.97,0,"2,55,501.72",0.2247,388.57,0.0003,27.01,0,2.94,0,"6,76,247.92",0.3566,"5,79,540.33",0.3377,"1,33,524.30",0.0722,"1,45,082.49",0.0742,"2,12,269.13",0.092,"2,50,052.37",0.1126,"13,491.35",0.0062,"17,207.29",0.0055,"11,58,746.81",0.32,"10,09,130.38",0.2788,"3,222.87",0.0052
48,COLOMBIA,"1,68,762.56",0.2007,"1,84,004.33",0.2176,"3,922.13",0.0034,"4,29,357.34",0.2929,"4,96,577.53",0.3038,"6,11,532.15",0.321,"10,845.16",0.0057,"11,166.88",0.0065,"90,969.45",0.0492,"75,221.74",0.0384,"93,316.20",0.0404,"80,060.37",0.0361,"3,17,983.26",0.1473,"4,23,430.26",0.1345,"32,288.85",0.0089,"23,162.06",0.0064,"74,849.96",0.1196
49,COMOROS,"11,732.01",0.014,"4,396.85",0.0052,"3,057.76",0.0027,"5,278.34",0.0036,"11,255.99",0.0069,"8,242.06",0.0043,"1,55,942.87",0.0822,"2,08,515.52",0.1215,99.78,0.0001,115.45,0.0001,188.07,0.0001,222.47,0.0001,"81,208.48",0.0376,"1,20,169.53",0.0382,"5,06,600.44",0.1399,"4,80,453.10",0.1327,"16,892.35",0.027
50,CONGO D. REP.,"7,048.26",0.0084,"4,719.24",0.0056,"1,10,032.04",0.0968,"3,500.89",0.0024,"80,408.96",0.0492,"1,09,909.99",0.0577,"1,55,249.68",0.0819,"1,08,920.56",0.0635,"1,06,857.27",0.0578,"86,050.76",0.044,"95,309.61",0.0413,"89,796.63",0.0405,53.21,0,29.74,0,"1,43,740.80",0.0397,"1,45,814.57",0.0403,37.83,0.0001
51,CONGO P REP,"96,329.64",0.1146,"93,001.51",0.11,19.15,0,"1,63,664.34",0.1116,"1,08,263.56",0.0662,"1,27,545.79",0.067,195.84,0.0001,33.24,0,"2,81,166.66",0.152,"3,29,774.15",0.1686,"3,14,651.64",0.1363,"2,94,060.46",0.1325,"84,385.09",0.0391,"1,09,968.20",0.0349,110.41,0,189.5,0.0001,"29,146.60",0.0466
52,COOK IS,60,0.0001,13.8,0,"27,946.51",0.0246,56.44,0,25.19,0,55.55,0,"58,645.14",0.0309,"88,389.52",0.0515,"83,111.48",0.0449,"1,08,704.13",0.0556,"1,07,434.84",0.0466,"1,04,320.49",0.047,"4,33,112.81",0.2006,"5,42,890.91",0.1725,"1,54,744.75",0.0427,"1,52,144.74",0.042,"1,36,150.47",0.2176
53,COSTA RICA,"15,711.43",0.0187,"15,291.43",0.0181,"42,902.28",0.0377,"31,618.59",0.0216,"40,521.13",0.0248,"49,245.76",0.0259,"1,89,741.84",0.1001,"2,60,227.48",0.1516,"27,961.14",0.0151,"26,951.47",0.0138,"24,432.11",0.0106,"33,653.17",0.0152,"1,04,974.55",0.0486,"3,70,028.05",0.1176,"7,15,413.80",0.1975,"5,67,330.33",0.1568,"33,489.84",0.0535
54,COTE D' IVOIRE,"43,288.06",0.0515,"57,793.45",0.0684,"44,468.17",0.0391,"1,39,751.28",0.0953,"2,15,416.41",0.1318,"1,81,440.77",0.0952,"1,08,318.51",0.0571,"73,669.50",0.0429,,,0.09,0,"49,465.68",0.0214,"3,08,907.42",0.1392,"15,095.39",0.007,"19,720.13",0.0063,"2,68,759.08",0.0742,"1,93,147.99",0.0534,"1,325.47",0.0021
55,CROATIA,"39,161.66",0.0466,"42,375.39",0.0501,"11,627.08",0.0102,"54,953.24",0.0375,"72,678.15",0.0445,"84,231.20",0.0442,"22,827.66",0.012,"35,324.65",0.0206,"48,035.64",0.026,"64,629.26",0.033,"3,00,326.48",0.1301,"3,51,948.02",0.1585,"66,830.07",0.031,"1,04,771.39",0.0333,"64,742.17",0.0179,"33,288.91",0.0092,"12,125.06",0.0194
56,CUBA,"17,075.91",0.0203,"10,781.08",0.0128,"19,731.40",0.0174,"17,407.18",0.0119,"19,452.52",0.0119,"21,483.60",0.0113,,,5.01,0,"3,57,748.67",0.1934,"2,61,295.36",0.1336,"5,22,610.63",0.2265,"5,19,856.83",0.2342,"3,59,358.97",0.1664,"4,68,796.09",0.149,"65,837.48",0.0182,"78,584.59",0.0217,"2,45,091.80",0.3918
57,CYPRUS,"1,14,200.89",0.1358,"22,192.93",0.0262,"98,190.70",0.0864,"27,275.09",0.0186,"29,990.76",0.0184,"37,524.13",0.0197,"31,253.73",0.0165,"39,062.01",0.0228,"4,64,709.55",0.2513,"5,05,271.24",0.2583,"5,54,923.56",0.2405,"2,23,390.43",0.1006,"5,58,182.22",0.2585,"7,04,095.00",0.2237,"9,43,900.13",0.2606,"11,51,136.50",0.3181,"1,22,292.53",0.1955
58,CZECH REPUBLIC,"83,299.38",0.0991,"84,139.40",0.0995,"3,14,241.74",0.2764,"1,30,658.51",0.0891,"1,36,792.18",0.0837,"2,37,060.16",0.1244,"2,30,806.98",0.1217,"3,18,182.60",0.1854,"1,87,975.90",0.1016,"2,42,220.12",0.1238,"1,50,733.75",0.0653,"1,51,036.53",0.068,"2,57,017.72",0.119,"5,31,948.70",0.169,"7,30,921.44",0.2018,"7,08,924.86",0.1959,"1,73,314.62",0.277
59,DENMARK,"2,67,651.55",0.3183,"2,74,977.44",0.3252,"1,45,274.27",0.1278,"3,61,644.04",0.2467,"3,84,977.74",0.2356,"4,61,023.71",0.242,"4,42,504.35",0.2333,"4,51,489.34",0.263,"1,50,916.89",0.0816,"1,26,868.90",0.0648,902.21,0.0004,"1,530.25",0.0007,"1,54,574.53",0.0716,"2,31,129.08",0.0734,"9,64,245.67",0.2663,"9,47,592.84",0.2618,"53,634.82",0.0857
60,DJIBOUTI,"1,60,806.39",0.1913,"1,25,780.53",0.1488,"37,697.56",0.0332,"2,29,461.69",0.1565,"2,23,755.33",0.1369,"1,84,398.49",0.0968,"1,45,294.12",0.0766,"1,33,357.64",0.0777,"1,646.47",0.0009,"1,359.50",0.0007,"2,07,885.15",0.0901,"1,79,121.22",0.0807,"1,375.26",0.0006,"2,088.00",0.0007,"2,64,187.37",0.0729,"2,87,231.65",0.0794,464.48,0.0007
61,DOMINIC REP,"23,514.00",0.028,"26,050.62",0.0308,"1,126.29",0.001,"49,070.37",0.0335,"59,349.22",0.0363,"76,465.01",0.0401,"86,326.33",0.0455,"1,14,869.71",0.0669,"1,32,647.88",0.0717,"1,80,423.08",0.0922,"20,15,277.32",0.8733,"17,72,410.12",0.7984,"1,53,648.00",0.0712,"2,27,380.57",0.0723,"2,318.38",0.0006,"2,092.07",0.0006,"30,592.02",0.0489
62,DOMINICA,"1,197.18",0.0014,"1,410.01",0.0017,"55,276.38",0.0486,"1,358.64",0.0009,"1,310.76",0.0008,"1,476.50",0.0008,"1,551.62",0.0008,954.12,0.0006,"13,85,513.44",0.7492,"15,42,054.35",0.7882,"54,873.72",0.0238,"56,254.85",0.0253,"16,76,019.18",0.7763,"27,92,214.03",0.8873,"3,21,623.68",0.0888,"3,80,381.86",0.1051,"4,87,460.84",0.7792
63,ECUADOR,"58,350.32",0.0694,"42,398.20",0.0501,"9,02,643.27",0.7939,"1,12,362.37",0.0766,"1,43,393.38",0.0877,"1,76,068.25",0.0924,"1,37,504.62",0.0725,"1,00,006.38",0.0583,"40,505.80",0.0219,"44,780.31",0.0229,"8,392.19",0.0036,"7,771.00",0.0035,"62,113.66",0.0288,"1,20,683.60",0.0383,"33,12,344.29",0.9146,"29,15,687.98",0.8056,"19,817.26",0.0317
64,EGYPT A RP,"7,59,464.44",0.9033,"6,63,818.34",0.7851,"10,945.27",0.0096,"11,73,550.17",0.8005,"15,71,394.15",0.9615,"15,56,074.22",0.8168,"18,44,254.03",0.9725,"15,27,181.28",0.8898,"7,533.80",0.0041,"6,948.70",0.0036,"6,198.78",0.0027,"4,201.10",0.0019,"10,505.71",0.0049,"9,266.89",0.0029,"1,01,785.82",0.0281,"1,06,731.23",0.0295,"1,875.14",0.003
65,EL SALVADOR,"7,676.42",0.0091,"6,313.04",0.0075,"5,189.45",0.0046,"18,106.95",0.0124,"30,487.00",0.0187,"39,412.89",0.0207,"37,582.77",0.0198,"44,820.93",0.0261,"2,155.15",0.0012,"4,790.76",0.0024,"44,955.22",0.0195,"46,297.55",0.0209,"7,002.71",0.0032,"13,119.83",0.0042,"18,556.44",0.0051,"22,191.46",0.0061,"1,353.36",0.0022
66,EQUTL GUINEA,"2,969.06",0.0035,"3,616.87",0.0043,"11,205.75",0.0099,"8,186.18",0.0056,"11,594.13",0.0071,"10,477.45",0.0055,"9,165.18",0.0048,"11,590.19",0.0068,"65,412.32",0.0354,"51,770.92",0.0265,"5,36,426.08",0.2324,"5,65,450.88",0.2547,"38,438.80",0.0178,"46,301.33",0.0147,"14,607.38",0.004,"8,324.20",0.0023,"14,779.50",0.0236
67,ERITREA,"7,354.63",0.0087,"13,599.65",0.0161,"24,135.97",0.0212,"15,376.32",0.0105,"10,379.70",0.0064,"10,045.44",0.0053,"8,589.90",0.0045,"4,220.18",0.0025,"5,18,646.71",0.2804,"4,40,939.97",0.2254,0.97,0,56.28,0,"5,06,976.48",0.2348,"5,07,683.30",0.1613,"56,760.09",0.0157,"64,037.89",0.0177,"68,635.19",0.1097
68,ESTONIA,"22,455.87",0.0267,"13,642.83",0.0161,"1,24,545.39",0.1095,"56,218.14",0.0383,"49,983.35",0.0306,"47,863.89",0.0251,"41,720.33",0.022,"41,691.49",0.0243,392.31,0.0002,192.78,0.0001,"2,100.41",0.0009,637.17,0.0003,,,1.21,0,"4,69,823.99",0.1297,"4,05,194.00",0.112,0.05,0
69,ETHIOPIA,"1,14,291.89",0.1359,"1,20,614.28",0.1426,18.02,0,"2,24,165.33",0.1529,"4,08,162.58",0.2497,"4,95,038.09",0.2599,"4,79,183.79",0.2527,"5,19,816.45",0.3029,"35,176.97",0.019,"34,974.99",0.0179,"42,447.78",0.0184,"39,403.43",0.0178,199.94,0.0001,200.44,0.0001,0.58,0,,,133.72,0.0002
70,FALKLAND IS,42.67,0.0001,17.55,0,343.6,0.0003,690.21,0.0005,0.67,0,,,,,1.97,0,"1,80,917.09",0.0978,"1,82,125.90",0.0931,"1,79,002.73",0.0776,"1,90,270.93",0.0857,"34,682.93",0.0161,"43,254.29",0.0137,289.21,0.0001,"4,916.52",0.0014,"12,083.24",0.0193
71,FAROE IS.,27.29,0,68.13,0.0001,"12,983.10",0.0114,418.01,0.0003,799.08,0.0005,"1,853.99",0.001,"1,576.21",0.0008,"1,146.26",0.0007,987.2,0.0005,"1,408.40",0.0007,"1,324.47",0.0006,691.09,0.0003,"2,10,473.53",0.0975,"2,56,689.24",0.0816,"64,389.10",0.0178,"63,153.55",0.0174,"78,370.72",0.1253
72,FIJI IS,"39,679.98",0.0472,"12,645.99",0.015,"1,16,002.55",0.102,"17,505.01",0.0119,"22,343.32",0.0137,"29,510.74",0.0155,"30,336.16",0.016,"28,799.37",0.0168,"2,777.12",0.0015,"4,098.15",0.0021,"3,812.69",0.0017,"4,274.12",0.0019,"1,312.45",0.0006,"1,549.08",0.0005,"4,27,960.11",0.1182,"4,82,563.32",0.1333,298.8,0.0005
73,FINLAND,"1,20,559.43",0.1434,"98,365.49",0.1163,"1,635.00",0.0014,"1,51,226.31",0.1032,"1,72,482.58",0.1055,"2,52,902.72",0.1328,"2,01,776.65",0.1064,"1,62,884.62",0.0949,"35,17,869.78",1.9021,"31,58,610.39",1.6144,"36,57,423.29",1.5849,"36,11,160.07",1.6268,"4,177.05",0.0019,"6,878.45",0.0022,"1,208.28",0.0003,"1,217.70",0.0003,"1,397.31",0.0022
74,FR GUIANA,"17,546.61",0.0209,"1,088.04",0.0013,490.54,0.0004,760.63,0.0005,"1,814.16",0.0011,"21,947.98",0.0115,"36,415.12",0.0192,764.53,0.0004,"29,042.78",0.0157,"29,071.83",0.0149,"38,644.55",0.0167,"32,205.75",0.0145,"35,32,921.78",1.6363,"49,60,509.68",1.5763,"8,154.39",0.0023,"9,931.19",0.0027,"14,11,936.44",2.257
75,FR POLYNESIA,587.01,0.0007,381.39,0.0005,1.05,0,"5,696.71",0.0039,964.36,0.0006,"1,704.13",0.0009,"1,883.67",0.001,"2,504.75",0.0015,"41,772.83",0.0226,"77,521.59",0.0396,"1,09,723.24",0.0475,"93,701.16",0.0422,"43,437.57",0.0201,"39,504.23",0.0126,"61,04,859.40",1.6857,"59,12,570.39",1.6336,"10,610.04",0.017
76,FR S ANT TR,0.78,0,0.36,0,"23,68,748.28",2.0834,8.56,0,3.09,0,,,,,39.41,0,"60,884.38",0.0329,"49,774.00",0.0254,"77,356.21",0.0335,"58,758.25",0.0265,"95,729.82",0.0443,"1,14,076.56",0.0362,"64,736.71",0.0179,"60,125.70",0.0166,"17,034.23",0.0272
77,FRANCE,"13,77,671.15",1.6386,"17,99,941.28",2.1288,"17,069.33",0.015,"22,02,080.31",1.5021,"27,10,585.55",1.6585,"30,95,127.32",1.6247,"30,32,342.22",1.599,"30,32,612.40",1.7669,"48,15,370.00",2.6037,"55,99,363.47",2.8619,"62,20,062.92",2.6953,"58,72,261.72",2.6453,"73,551.05",0.0341,"1,22,136.50",0.0388,"98,596.46",0.0272,"1,45,448.63",0.0402,"29,442.81",0.0471
78,GABON,"9,922.00",0.0118,"11,760.52",0.0139,"18,947.24",0.0167,"22,704.69",0.0155,"29,505.18",0.0181,"32,120.14",0.0169,"26,027.15",0.0137,"24,165.80",0.0141,"4,56,585.83",0.2469,"4,09,801.94",0.2095,"5,00,679.01",0.217,"4,37,451.54",0.1971,"60,11,271.20",2.7842,"73,71,637.84",2.3424,"2,13,194.61",0.0589,"1,63,377.13",0.0451,"13,68,544.90",2.1876
79,GAMBIA,"14,067.84",0.0167,"17,487.86",0.0207,"33,182.23",0.0292,"30,927.64",0.0211,"30,206.16",0.0185,"51,572.76",0.0271,"44,901.80",0.0237,"39,133.71",0.0228,"8,63,154.54",0.4667,"1,87,843.67",0.096,"4,01,793.41",0.1741,"4,44,136.74",0.2001,"6,37,869.04",0.2954,"8,26,935.60",0.2628,"81,39,690.83",2.2476,"81,45,946.67",2.2507,"1,59,631.92",0.2552
80,GEORGIA,"33,414.71",0.0397,"26,265.96",0.0311,"30,71,853.52",2.7018,"59,041.45",0.0403,"67,454.69",0.0413,"55,468.60",0.0291,"53,005.28",0.028,"54,217.55",0.0316,"2,55,015.87",0.1379,"2,79,521.64",0.1429,"3,50,286.57",0.1518,"3,16,193.50",0.1424,"1,53,580.65",0.0711,"3,68,346.70",0.117,"7,71,844.36",0.2131,"9,10,343.59",0.2515,87.08,0.0001
81,GERMANY,"29,19,475.35",3.4724,"25,63,293.28",3.0316,"2,63,683.54",0.2319,"37,96,531.89",2.5898,"39,40,810.59",2.4113,"45,51,943.87",2.3895,"46,06,196.79",2.429,"46,45,663.46",2.7067,0.02,0,5.02,0,2.37,0,18.78,0,"4,04,415.74",0.1873,"8,05,276.57",0.2559,"3,61,329.01",0.0998,"6,88,463.79",0.1902,"1,34,617.47",0.2152
82,GHANA,"2,49,717.48",0.297,"1,84,445.29",0.2181,"67,105.21",0.059,"3,84,305.88",0.2622,"4,04,967.15",0.2478,"5,04,518.54",0.2648,"4,16,978.83",0.2199,"4,09,082.50",0.2383,"2,028.43",0.0011,"1,700.41",0.0009,"2,638.41",0.0011,"1,978.03",0.0009,825.99,0.0004,"1,035.75",0.0003,"6,30,903.81",0.1742,"8,73,559.56",0.2414,2.8,0
83,GIBRALTAR,"4,025.93",0.0048,"2,99,644.52",0.3544,"1,65,738.72",0.1458,"1,39,983.50",0.0955,145.11,0.0001,"60,579.71",0.0318,"3,93,328.10",0.2074,"7,79,621.46",0.4542,"2,940.06",0.0016,"3,447.73",0.0018,"2,394.82",0.001,"5,652.63",0.0025,"2,113.74",0.001,"2,949.55",0.0009,27.82,0,189.28,0.0001,195.96,0.0003
84,GREECE,"4,06,323.82",0.4833,"2,14,976.71",0.2542,46.71,0,"3,77,225.64",0.2573,"1,63,236.67",0.0999,"2,02,544.82",0.1063,"2,20,424.80",0.1162,"2,20,347.06",0.1284,327.35,0.0002,567.95,0.0003,456.63,0.0002,644.25,0.0003,"1,970.18",0.0009,"2,674.57",0.0008,"3,120.17",0.0009,"3,646.73",0.001,653.23,0.001
85,GREENLAND,38.41,0,177.83,0.0002,461.56,0.0004,133.81,0.0001,255.43,0.0002,"1,054.10",0.0006,690.05,0.0004,"5,693.49",0.0033,"1,61,731.57",0.0874,"1,88,218.51",0.0962,"2,13,690.66",0.0926,"2,06,753.49",0.0931,551.78,0.0003,"1,255.29",0.0004,"2,715.33",0.0007,"3,819.78",0.0011,135.18,0.0002
86,GRENADA,207.18,0.0002,308.04,0.0004,"2,830.86",0.0025,495.21,0.0003,464.46,0.0003,895.39,0.0005,819.29,0.0004,"1,222.38",0.0007,,,19.54,0,0.01,0,0.01,0,"2,44,758.06",0.1134,"4,11,218.38",0.1307,517.38,0.0001,699.91,0.0002,"85,696.97",0.137
87,GUADELOUPE,684.83,0.0008,"1,687.70",0.002,826.33,0.0007,"3,350.01",0.0023,"3,591.33",0.0022,"3,948.18",0.0021,"2,537.48",0.0013,"1,871.69",0.0011,"2,37,889.27",0.1286,"2,43,646.78",0.1245,"2,82,836.06",0.1226,"2,51,587.01",0.1133,0,0,,,"3,73,749.50",0.1032,"4,62,898.62",0.1279,"1,41,800.43",0.2267
88,GUAM,248.38,0.0003,276.17,0.0003,"51,390.20",0.0452,930.4,0.0006,549.9,0.0003,168.08,0.0001,254.91,0.0001,250.98,0.0001,"14,520.25",0.0079,"6,885.33",0.0035,"7,563.27",0.0033,"6,363.05",0.0029,"3,71,576.11",0.1721,"4,18,259.79",0.1329,"5,06,360.51",0.1398,"5,76,426.57",0.1593,"1,510.76",0.0024
89,GUATEMALA,"36,984.11",0.044,"41,055.31",0.0486,"43,865.85",0.0386,"92,124.49",0.0628,"1,22,209.92",0.0748,"1,28,931.45",0.0677,"1,40,099.77",0.0739,"1,67,572.42",0.0976,"13,450.34",0.0073,"16,778.76",0.0086,"20,722.28",0.009,"17,867.03",0.008,"13,338.59",0.0062,"7,907.79",0.0025,"7,953.31",0.0022,"5,782.01",0.0016,"12,212.21",0.0195
90,GUINEA,"35,446.38",0.0422,"37,671.90",0.0446,"1,389.09",0.0012,"62,647.77",0.0427,"1,12,040.37",0.0686,"1,23,699.44",0.0649,"1,73,475.63",0.0915,"1,81,824.69",0.1059,"47,908.50",0.0259,"60,585.38",0.031,"55,503.78",0.0241,"46,474.06",0.0209,"26,285.88",0.0122,"49,531.38",0.0157,"49,984.30",0.0138,"82,335.33",0.0227,"3,106.09",0.005
91,GUINEA BISSAU,"16,491.57",0.0196,"1,494.50",0.0018,"7,317.96",0.0064,"6,221.90",0.0042,"5,869.73",0.0036,"11,695.65",0.0061,"5,962.93",0.0031,"9,534.27",0.0056,,,23.97,0,18.55,0,,,"79,637.73",0.0369,"74,167.00",0.0236,"70,362.44",0.0194,"87,401.79",0.0241,"35,643.06",0.057
92,GUYANA,"5,555.41",0.0066,"7,715.78",0.0091,"27,536.81",0.0242,"10,224.29",0.007,"11,948.98",0.0073,"14,695.00",0.0077,"14,946.95",0.0079,"14,288.06",0.0083,"90,446.67",0.0489,"94,251.13",0.0482,"1,16,879.29",0.0506,"1,31,352.09",0.0592,"1,20,428.70",0.0558,"2,36,870.50",0.0753,"2,19,083.69",0.0605,"2,20,142.57",0.0608,"7,74,252.55",1.2376
93,HAITI,"20,342.04",0.0242,"15,668.16",0.0185,204.9,0.0002,"23,110.10",0.0158,"34,679.77",0.0212,"35,830.56",0.0188,"52,378.17",0.0276,"40,614.28",0.0237,"94,11,493.32",5.0889,"94,67,735.08",4.8391,"91,11,741.76",3.9484,"77,75,243.40",3.5026,"75,20,143.29",3.4831,"81,83,452.88",2.6004,"79,49,741.89",2.1951,"68,29,915.45",1.8871,"71,199.30",0.1138
94,HEARD MACDONALD,0.09,0,0.63,0,"28,808.60",0.0253,,,0.63,0,16.21,0,35.04,0,,,"2,72,507.28",0.1473,"2,59,548.84",0.1327,"3,20,457.79",0.1389,"3,00,344.09",0.1353,"3,66,753.75",0.1699,"4,10,612.25",0.1305,"4,62,527.28",0.1277,"4,64,769.20",0.1284,"1,450.16",0.0023
95,HONDURAS,"31,588.43",0.0376,"21,515.76",0.0254,"47,03,841.63",4.1372,"44,210.05",0.0302,"59,975.69",0.0367,"65,530.75",0.0344,"1,14,964.94",0.0606,"1,01,414.22",0.0591,"11,209.53",0.0061,"3,802.22",0.0019,"21,791.46",0.0094,"7,144.79",0.0032,"8,078.40",0.0037,"8,779.88",0.0028,"8,378.11",0.0023,"10,064.36",0.0028,"7,82,813.37",1.2513
96,HONG KONG,"30,39,069.39",3.6147,"37,30,053.40",4.4115,"96,805.13",0.0851,"61,87,723.46",4.2209,"66,89,817.16",4.0933,"77,24,096.13",4.0546,"83,11,857.40",4.3831,"79,30,702.05",4.6206,"23,40,069.18",1.2653,"25,56,175.52",1.3065,"36,87,106.45",1.5977,"29,29,938.37",1.3199,"37,15,668.84",1.721,"63,19,650.22",2.0081,"80,33,518.43",2.2183,"49,51,517.09",1.3681,"1,90,180.29",0.304
97,HUNGARY,"1,99,667.93",0.2375,"1,28,182.66",0.1516,"38,606.42",0.034,"1,51,592.17",0.1034,"1,76,180.70",0.1078,"2,07,994.28",0.1092,"2,13,421.51",0.1125,"2,25,839.51",0.1316,"53,433.43",0.0289,"22,401.02",0.0114,"24,46,096.07",1.06,"23,85,428.68",1.0746,"13,21,185.17",0.6119,"10,83,117.95",0.3442,"13,27,244.14",0.3665,"10,11,729.00",0.2795,"4,70,052.94",0.7514
98,ICELAND,"5,708.88",0.0068,"8,015.05",0.0095,"25,92,440.79",2.2801,"15,984.84",0.0109,"14,092.77",0.0086,"11,978.94",0.0063,"12,200.12",0.0064,"12,175.99",0.0071,"15,95,527.94",0.8627,"17,09,370.72",0.8737,"12,50,649.91",0.5419,"13,28,659.79",0.5985,"11,10,518.18",0.5144,"17,96,957.80",0.571,"21,77,664.26",0.6013,"27,76,676.46",0.7672,"86,498.52",0.1383
99,INDONESIA,"11,57,782.95",1.3771,"14,60,463.91",1.7273,"11,33,689.41",0.9971,"32,10,069.61",2.1897,"28,99,608.70",1.7742,"29,33,987.09",1.5401,"24,67,435.24",1.3012,"18,44,606.51",1.0747,"7,45,645.13",0.4032,"9,42,265.18",0.4816,"3,71,498.31",0.161,"3,78,331.77",0.1704,"4,16,967.58",0.1931,"5,13,013.07",0.163,"4,67,244.12",0.129,"5,82,089.64",0.1608,"2,70,925.60",0.4331
100,IRAN,"11,56,517.42",1.3756,"8,80,743.32",1.0416,"3,07,505.70",0.2705,"11,51,165.21",0.7853,"18,25,480.70",1.117,"30,05,657.44",1.5778,,,"4,791.58",0.0028,"3,25,535.84",0.176,"3,45,502.35",0.1766,"25,95,874.95",1.1249,"23,80,739.01",1.0725,"19,97,978.03",0.9254,"35,77,045.79",1.1366,"68,27,425.31",1.8852,"37,48,205.03",1.0356,"11,45,437.54",1.831
101,IRAQ,"1,98,127.14",0.2357,"2,26,331.18",0.2677,"1,22,914.98",0.1081,"3,70,849.83",0.253,"6,97,277.74",0.4266,"5,52,497.27",0.29,"25,52,961.91",1.3463,"18,17,670.99",1.059,"20,69,804.44",1.1192,"21,68,736.36",1.1085,"39,08,778.67",1.6938,"35,25,935.23",1.5884,"34,99,172.02",1.6207,"60,95,957.44",1.9371,"69,76,287.42",1.9263,"72,55,314.30",2.0046,"11,765.06",0.0188
102,IRELAND,"2,03,497.12",0.242,"1,23,564.18",0.1461,"13,28,259.52",1.1683,"1,83,649.88",0.1253,"2,10,291.03",0.1287,"2,50,896.70",0.1317,"5,08,954.05",0.2684,"6,54,975.58",0.3816,"32,85,790.48",1.7766,"36,80,606.50",1.8812,"38,832.88",0.0168,"40,204.37",0.0181,"47,435.64",0.022,"60,088.90",0.0191,"70,520.75",0.0195,"90,376.63",0.025,"7,60,355.59",1.2154
103,ISRAEL,"6,58,430.72",0.7831,"9,28,943.79",1.0986,"20,69,068.00",1.8198,"19,32,660.41",1.3184,"20,34,668.32",1.245,"22,75,713.87",1.1946,"4,67,133.18",0.2463,"3,44,294.70",0.2006,"28,849.42",0.0156,"33,683.64",0.0172,"34,01,029.03",1.4738,"32,00,287.14",1.4417,"32,81,818.06",1.52,"46,04,198.92",1.463,"43,83,430.40",1.2104,"42,69,323.34",1.1796,,
104,ITALY,"17,36,487.94",2.0654,"16,07,224.74",1.9008,"10,150.97",0.0089,"23,27,165.70",1.5875,"23,77,873.26",1.455,"31,88,717.28",1.6739,"20,07,124.53",1.0584,"18,46,686.68",1.0759,"25,78,624.43",1.3943,"30,50,599.46",1.5592,,,0.01,0,"4,67,334.28",0.2165,"6,62,510.00",0.2105,,,0.01,0,"96,958.13",0.155
105,JAMAICA,"10,342.24",0.0123,"9,859.82",0.0117,"23,17,903.33",2.0387,"12,805.14",0.0087,"16,203.83",0.0099,"21,854.45",0.0115,"31,11,841.59",1.641,"27,63,464.87",1.6101,,,1.19,0,"4,05,806.64",0.1758,"6,77,086.65",0.305,"1,67,239.30",0.0775,"1,75,648.15",0.0558,"17,21,009.69",0.4752,"12,12,861.96",0.3351,"41,901.61",0.067
106,JAPAN,"13,80,771.30",1.6423,"17,14,278.60",2.0275,"2,20,230.43",0.1937,"30,51,134.40",2.0813,"33,21,415.89",2.0323,"41,25,345.29",2.1655,"23,174.32",0.0122,"26,349.01",0.0154,"3,50,435.01",0.1895,"3,47,843.15",0.1778,"1,00,411.81",0.0435,"1,43,559.84",0.0647,"14,03,083.53",0.6499,"19,62,269.11",0.6235,"3,49,939.77",0.0966,"1,95,928.53",0.0541,"2,92,287.09",0.4672
107,JORDAN,"1,96,036.40",0.2332,"1,16,368.75",0.1376,"78,442.53",0.069,"3,97,685.72",0.2713,"5,45,264.63",0.3336,"9,82,730.34",0.5159,"32,83,568.79",1.7315,"30,43,466.66",1.7732,"81,084.29",0.0438,"80,791.57",0.0413,"14,44,068.05",0.6258,"14,93,656.89",0.6729,529.68,0.0002,"1,223.48",0.0004,"26,28,344.06",0.7258,"26,31,294.55",0.727,"1,376.40",0.0022
108,KAZAKHSTAN,"60,244.72",0.0717,"64,821.66",0.0767,"9,94,752.69",0.8749,"1,17,144.60",0.0799,"1,55,913.79",0.0954,"1,58,010.10",0.0829,"8,69,669.71",0.4586,"3,26,542.91",0.1903,"14,71,467.78",0.7956,"12,72,449.44",0.6504,255.04,0.0001,271.69,0.0001,"2,088.24",0.001,252.65,0.0001,"1,219.96",0.0003,857.83,0.0002,51.48,0.0001
109,KENYA,"6,14,088.18",0.7304,"6,89,241.82",0.8152,57.24,0.0001,"10,98,722.12",0.7495,"20,52,569.66",1.2559,"23,59,553.95",1.2386,"1,53,244.29",0.0808,"99,436.67",0.0579,316.09,0.0002,354.91,0.0002,"19,112.09",0.0083,"6,374.77",0.0029,"34,69,423.42",1.6069,"60,34,956.81",1.9177,"1,371.74",0.0004,"1,700.23",0.0005,"7,30,427.64",1.1676
110,KIRIBATI REP,980,0.0012,155.9,0.0002,"1,49,099.56",0.1311,588.93,0.0004,193.93,0.0001,579.09,0.0003,"25,14,812.70",1.3261,"19,77,751.39",1.1523,"30,064.10",0.0163,"37,218.74",0.019,"32,87,796.88",1.4247,"34,33,765.43",1.5468,"7,79,650.60",0.3611,"9,26,387.69",0.2944,"53,27,534.58",1.4711,"53,11,498.92",1.4676,"2,96,759.97",0.4744
111,KOREA DP RP,"4,03,661.57",0.4801,"1,99,342.66",0.2358,"16,95,280.67",1.4911,"1,10,707.74",0.0755,"1,09,939.39",0.0673,"1,14,325.51",0.06,616.12,0.0003,614.71,0.0004,"28,43,671.65",1.5376,"28,75,143.99",1.4695,"9,31,939.98",0.4038,"9,11,191.14",0.4105,"28,605.30",0.0132,"24,514.12",0.0078,"12,55,482.91",0.3467,"17,43,093.20",0.4816,"6,147.78",0.0098
112,KOREA RP,"18,35,359.19",2.183,"16,12,681.15",1.9073,"8,44,710.02",0.743,"20,76,775.91",1.4167,"22,87,024.72",1.3994,"25,47,092.30",1.337,"46,805.92",0.0247,"72,975.63",0.0425,"10,04,665.91",0.5432,"8,80,376.02",0.45,"20,958.62",0.0091,"20,641.07",0.0093,"20,338.31",0.0094,"10,910.88",0.0035,"42,211.78",0.0117,"37,847.12",0.0105,"1,955.45",0.0031
113,KUWAIT,"3,62,840.57",0.4316,"3,71,037.53",0.4388,"11,724.66",0.0103,"5,66,532.27",0.3865,"5,77,829.97",0.3536,"6,43,494.47",0.3378,"28,08,473.91",1.481,"23,04,348.38",1.3426,"20,383.89",0.011,"18,426.67",0.0094,"27,505.28",0.0119,"17,737.65",0.008,"76,675.76",0.0355,"98,953.03",0.0314,"13,660.06",0.0038,"10,659.24",0.0029,"30,537.90",0.0488
114,KYRGHYZSTAN,"10,385.08",0.0124,"12,691.45",0.015,"5,943.51",0.0052,"14,665.64",0.01,"19,037.86",0.0116,"20,820.29",0.0109,"7,33,290.57",0.3867,"8,16,058.94",0.4755,"17,221.47",0.0093,"16,116.36",0.0082,"81,019.65",0.0351,"84,444.20",0.038,"1,40,718.83",0.0652,"2,33,794.50",0.0743,"1,51,126.24",0.0417,"1,82,514.03",0.0504,"45,416.25",0.0726
115,LAO PD RP,"4,445.31",0.0053,"8,120.26",0.0096,"47,109.61",0.0414,"7,320.34",0.005,"15,712.71",0.0096,"30,499.48",0.016,"23,053.51",0.0122,"16,358.34",0.0095,"77,575.08",0.0419,"72,290.66",0.0369,"1,87,778.40",0.0814,"1,44,156.33",0.0649,"29,531.48",0.0137,"8,156.82",0.0026,"3,22,899.86",0.0892,"2,85,446.95",0.0789,"1,153.14",0.0018
116,LATVIA,"20,389.30",0.0243,"22,199.04",0.0263,"80,295.50",0.0706,"46,042.07",0.0314,"56,673.98",0.0347,"61,732.50",0.0324,"41,293.77",0.0218,"24,612.33",0.0143,"1,41,206.46",0.0764,"1,65,705.11",0.0847,"21,343.05",0.0092,"28,794.91",0.013,"1,67,157.42",0.0774,"1,84,385.38",0.0586,"11,931.34",0.0033,"4,609.05",0.0013,"66,714.67",0.1066
117,LEBANON,"61,349.66",0.073,"62,368.92",0.0738,"8,447.56",0.0074,"1,12,040.30",0.0764,"1,36,514.90",0.0835,"1,77,569.15",0.0932,"59,963.95",0.0316,"51,871.24",0.0302,"22,232.62",0.012,"20,334.12",0.0104,"1,24,880.27",0.0541,"1,54,913.93",0.0698,"1,13,959.62",0.0528,"1,78,919.28",0.0569,"2,08,198.54",0.0575,"2,01,540.79",0.0557,"1,26,029.81",0.2015
118,LESOTHO,"15,730.64",0.0187,"6,779.36",0.008,"20,045.74",0.0176,"10,132.99",0.0069,"10,002.71",0.0061,"18,858.44",0.0099,"1,70,847.34",0.0901,"1,57,070.28",0.0915,"97,883.90",0.0529,"1,65,815.96",0.0848,"1,10,013.84",0.0477,"1,30,689.79",0.0589,"2,791.01",0.0013,"1,457.72",0.0005,"2,72,968.23",0.0754,"4,68,320.53",0.1294,226.91,0.0004
119,LIBERIA,"13,483.02",0.016,"13,993.12",0.0165,"60,130.48",0.0529,"38,003.14",0.0259,"69,323.17",0.0424,"1,54,578.39",0.0811,"23,436.29",0.0124,"19,620.37",0.0114,"80,457.47",0.0435,"78,655.52",0.0402,"2,373.48",0.001,"3,080.85",0.0014,"1,20,706.59",0.0559,"2,47,049.71",0.0785,241.91,0.0001,730.23,0.0002,"41,926.47",0.067
120,LIBYA,"59,829.60",0.0712,"1,05,495.91",0.1248,75.17,0.0001,"30,207.42",0.0206,"1,17,077.46",0.0716,"1,73,359.68",0.091,"1,26,502.11",0.0667,"87,403.46",0.0509,495.29,0.0003,"1,798.39",0.0009,"89,050.98",0.0386,"78,550.31",0.0354,"9,325.60",0.0043,"10,855.92",0.0034,"2,84,907.54",0.0787,"2,60,445.28",0.072,"9,157.58",0.0146
121,LIECHTENSTEIN,"2,109.99",0.0025,27.37,0,"37,920.96",0.0334,64.57,0,148.64,0.0001,193.64,0.0001,"99,870.23",0.0527,"80,121.74",0.0467,"64,368.32",0.0348,"66,938.64",0.0342,"20,911.62",0.0091,"14,437.68",0.0065,"6,696.20",0.0031,"8,938.21",0.0028,"33,486.18",0.0092,"32,806.72",0.0091,373.86,0.0006
122,LITHUANIA,"27,293.60",0.0325,"31,131.95",0.0368,"8,562.60",0.0075,"65,749.19",0.0449,"80,253.61",0.0491,"63,495.23",0.0333,118.48,0.0001,545.58,0.0003,"7,702.24",0.0042,"7,342.96",0.0038,728.87,0.0003,"4,497.59",0.002,"17,149.69",0.0079,"22,791.53",0.0072,"3,520.70",0.001,795.1,0.0002,"4,632.27",0.0074
123,LUXEMBOURG,"5,138.89",0.0061,"2,250.22",0.0027,653.57,0.0006,"4,316.70",0.0029,"4,465.16",0.0027,"7,047.57",0.0037,"63,100.17",0.0333,"57,862.20",0.0337,"1,015.20",0.0005,"8,945.32",0.0046,"13,680.56",0.0059,"16,021.93",0.0072,"2,40,657.49",0.1115,"2,62,009.77",0.0833,"22,488.09",0.0062,"30,339.12",0.0084,"31,807.62",0.0508
124,MACAO,"2,580.30",0.0031,"19,367.34",0.0229,"3,798.52",0.0033,730.99,0.0005,525.28,0.0003,989.18,0.0005,"5,886.08",0.0031,"5,289.88",0.0031,"9,985.58",0.0054,"11,205.53",0.0057,"1,38,350.36",0.06,"2,13,387.08",0.0961,"1,12,063.80",0.0519,"1,12,158.14",0.0356,"4,25,495.22",0.1175,"1,91,865.50",0.053,"16,134.41",0.0258
125,MACEDONIA,"4,755.99",0.0057,"3,299.50",0.0039,"36,046.80",0.0317,"4,257.45",0.0029,"4,955.83",0.003,"6,496.99",0.0034,"1,464.90",0.0008,"1,292.10",0.0008,"1,42,836.72",0.0772,"1,46,907.13",0.0751,"1,41,795.37",0.0614,"1,30,729.24",0.0589,"44,97,079.07",2.0829,"52,12,357.37",1.6563,"92,276.15",0.0255,"72,216.99",0.02,"13,25,750.51",2.1192
126,MADAGASCAR,"1,11,534.40",0.1327,"41,092.14",0.0486,"46,286.07",0.0407,"59,759.88",0.0408,"83,936.82",0.0514,"1,45,634.47",0.0764,"8,888.90",0.0047,"8,418.61",0.0049,"1,19,523.82",0.0646,"1,28,649.66",0.0658,"45,10,372.20",1.9545,"45,10,641.90",2.032,"1,45,155.52",0.0672,"4,98,288.92",0.1583,"57,26,516.72",1.5812,"60,16,559.47",1.6624,"79,821.96",0.1276
127,MALAWI,"40,906.58",0.0487,"38,696.72",0.0458,"17,67,721.05",1.5548,"70,815.87",0.0483,"83,362.80",0.051,"1,34,331.86",0.0705,"1,02,094.85",0.0538,"1,28,421.41",0.0748,"35,04,936.02",1.8951,"36,73,820.56",1.8777,"1,55,689.22",0.0675,"1,60,809.47",0.0724,"1,38,270.43",0.064,"1,54,597.96",0.0491,"3,83,517.44",0.1059,"7,38,769.64",0.2041,"16,696.95",0.0267
128,MALAYSIA,"15,78,036.20",1.8769,"13,50,392.32",1.5971,"45,554.05",0.0401,"19,10,321.00",1.3031,"24,14,350.85",1.4773,"25,41,360.81",1.334,"1,30,660.51",0.0689,"1,15,361.87",0.0672,"1,32,519.94",0.0717,"1,39,866.07",0.0715,"91,519.41",0.0397,"1,03,778.34",0.0468,"2,37,157.57",0.1098,"3,56,891.57",0.1134,"1,06,629.18",0.0294,"99,089.39",0.0274,"36,133.19",0.0578
129,MALDIVES,"59,028.43",0.0702,"37,849.50",0.0448,"29,610.36",0.026,"59,778.57",0.0408,"66,609.97",0.0408,"64,298.93",0.0338,"35,61,410.74",1.878,"24,15,933.20",1.4076,"72,286.95",0.0391,"79,644.49",0.0407,"1,60,644.40",0.0696,"1,47,350.94",0.0664,457.85,0.0002,777.38,0.0002,"2,48,131.56",0.0685,"4,11,447.06",0.1137,89.23,0.0001
130,MALI,"17,907.49",0.0213,"19,962.95",0.0236,"3,41,332.43",0.3002,"47,498.73",0.0324,"42,776.09",0.0262,"65,862.52",0.0346,"93,314.67",0.0492,"1,17,112.15",0.0682,"92,233.05",0.0499,"1,26,241.12",0.0645,224.57,0.0001,"23,135.47",0.0104,"3,148.99",0.0015,"4,660.34",0.0015,384.19,0.0001,"1,815.66",0.0005,505.12,0.0008
131,MALTA,"48,608.92",0.0578,"3,31,357.88",0.3919,88.76,0.0001,"4,09,210.72",0.2791,"2,16,176.30",0.1323,"1,02,830.55",0.054,"81,967.45",0.0432,"70,780.10",0.0412,96.31,0.0001,"9,013.07",0.0046,"2,502.29",0.0011,"2,686.24",0.0012,"65,640.47",0.0304,"72,256.86",0.023,"4,132.49",0.0011,"3,802.85",0.0011,"17,849.88",0.0285
132,MARSHALL ISLAND,49.56,0.0001,30.97,0,"2,208.01",0.0019,239.19,0.0002,49.04,0,704.81,0.0004,"2,01,788.11",0.1064,"2,11,728.41",0.1234,"2,767.13",0.0015,"2,854.17",0.0015,"80,500.50",0.0349,"59,593.86",0.0268,"3,12,515.75",0.1447,"5,32,593.01",0.1692,"1,18,109.48",0.0326,"79,807.90",0.0221,"1,51,203.78",0.2417
133,MARTINIQUE,"19,097.74",0.0227,"2,621.93",0.0031,"15,254.24",0.0134,"3,042.02",0.0021,"3,199.14",0.002,"4,660.38",0.0024,76.24,0,"66,972.69",0.039,"44,226.03",0.0239,"53,675.21",0.0274,"8,09,097.15",0.3506,"4,66,351.77",0.2101,"4,175.61",0.0019,"2,592.16",0.0008,"3,72,008.85",0.1027,"6,45,385.93",0.1783,811.86,0.0013
134,MAURITANIA,"16,367.53",0.0195,"14,470.53",0.0171,"3,86,060.70",0.3396,"22,417.16",0.0153,"22,765.75",0.0139,"35,084.07",0.0184,"3,753.62",0.002,"2,943.24",0.0017,"5,91,974.06",0.3201,"6,94,660.59",0.3551,"1,960.67",0.0008,"2,222.49",0.001,"22,82,893.67",1.0574,"32,98,130.37",1.048,"4,511.34",0.0012,"6,270.50",0.0017,"8,33,788.96",1.3328
135,MAURITIUS,"4,39,831.09",0.5231,"2,13,621.61",0.2526,"4,15,448.69",0.3654,"6,76,907.61",0.4618,"7,13,661.96",0.4367,"6,07,739.25",0.319,"36,038.42",0.019,"38,246.14",0.0223,115.73,0.0001,48.09,0,"26,78,625.72",1.1607,"25,65,260.73",1.1556,530.81,0.0002,458.34,0.0001,"41,69,331.93",1.1513,"44,08,459.44",1.218,67.77,0.0001
136,MEXICO,"3,01,051.91",0.3581,"2,81,108.28",0.3325,294,0.0003,"6,57,845.47",0.4487,"8,86,219.50",0.5423,"13,57,128.29",0.7124,"11,64,923.05",0.6143,"5,57,218.85",0.3246,"23,20,558.91",1.2547,"24,38,432.22",1.2463,235.73,0.0001,373.27,0.0002,"8,563.88",0.004,"6,738.17",0.0021,474.84,0.0001,513.32,0.0001,"1,633.17",0.0026
137,MICRONESIA,41.97,0,77.98,0.0001,"3,429.41",0.003,95.92,0.0001,101.86,0.0001,337.31,0.0002,"17,52,717.31",0.9243,"18,79,336.63",1.0949,94.09,0.0001,191.66,0.0001,"6,036.10",0.0026,"6,150.35",0.0028,"1,412.83",0.0007,"2,667.05",0.0008,"9,647.02",0.0027,"10,356.50",0.0029,466.24,0.0007
138,MOLDOVA,"3,065.25",0.0036,"3,094.92",0.0037,477.36,0.0004,"3,574.59",0.0024,"4,855.41",0.003,"6,357.72",0.0033,141.26,0.0001,234.39,0.0001,"4,499.83",0.0024,"4,603.68",0.0024,"1,765.71",0.0008,"1,392.63",0.0006,"13,996.46",0.0065,"19,358.09",0.0062,"2,217.94",0.0006,"1,954.09",0.0005,"4,646.69",0.0074
139,MONACO,158.76,0.0002,193.69,0.0002,"9,417.16",0.0083,252.31,0.0002,408.29,0.0002,186.12,0.0001,"5,372.72",0.0028,"5,100.03",0.003,"1,027.03",0.0006,"1,252.89",0.0006,"15,801.11",0.0068,"11,524.14",0.0052,"14,811.45",0.0069,"16,211.70",0.0052,"27,322.30",0.0075,"27,451.56",0.0076,"24,930.68",0.0399
140,MONGOLIA,"7,059.86",0.0084,"3,714.76",0.0044,238.24,0.0002,"16,987.85",0.0116,"13,005.37",0.008,"9,045.65",0.0047,532.71,0.0003,682.65,0.0004,"6,551.70",0.0035,"13,205.87",0.0067,"27,059.74",0.0117,"14,170.91",0.0064,49.48,0,61.74,0,"22,906.11",0.0063,"28,904.98",0.008,16.82,0
141,MONTSERRAT,93.28,0.0001,60.7,0.0001,"1,44,923.07",0.1275,125.71,0.0001,,,"18,364.96",0.0096,"4,830.59",0.0025,"5,486.95",0.0032,"24,355.85",0.0132,"33,249.94",0.017,41.55,0,41.84,0,"3,75,137.45",0.1738,"7,19,770.06",0.2287,118.64,0,100.75,0,"1,15,109.35",0.184
142,MOROCCO,"1,10,544.19",0.1315,"1,18,656.44",0.1403,"2,75,884.49",0.2427,"1,78,911.73",0.122,20.6,0,42.84,0,"25,809.27",0.0136,"17,211.24",0.01,412.59,0.0002,14.75,0,"4,75,220.17",0.2059,"5,66,207.20",0.2551,"9,11,436.83",0.4221,"14,73,225.51",0.4681,"8,42,705.30",0.2327,"8,55,027.77",0.2362,"1,96,351.87",0.3139
143,MOZAMBIQUE,"1,91,948.96",0.2283,"1,69,504.92",0.2005,"1,45,903.12",0.1283,"2,54,681.14",0.1737,"2,32,115.60",0.142,"2,32,978.98",0.1223,208.84,0.0001,632.86,0.0004,"2,50,709.16",0.1356,"2,78,912.62",0.1426,"7,53,810.07",0.3266,"15,41,061.38",0.6942,"5,73,219.70",0.2655,"6,66,478.49",0.2118,"20,12,367.70",0.5557,"16,50,459.78",0.456,"77,573.92",0.124
144,MYANMAR,"1,01,776.52",0.1211,"98,472.88",0.1165,63.19,0.0001,"2,64,450.60",0.1804,"5,44,520.20",0.3332,"7,67,915.79",0.4031,"1,99,260.59",0.1051,"2,24,581.86",0.1308,"6,77,814.62",0.3665,"5,80,575.32",0.2967,"8,45,853.57",0.3665,"6,91,047.58",0.3113,213.64,0.0001,280.25,0.0001,"6,50,322.91",0.1796,"5,54,901.37",0.1533,1.55,0
145,N. MARIANA IS.,205.42,0.0002,212.81,0.0003,"25,228.89",0.0222,12.24,0,"2,96,070.66",0.1812,"4,80,568.13",0.2523,"12,65,172.47",0.6672,"8,08,710.97",0.4712,"7,43,507.29",0.402,"6,22,705.55",0.3183,190.44,0.0001,104.64,0,"37,763.07",0.0175,"1,54,814.38",0.0492,141.76,0,254.05,0.0001,"7,846.60",0.0125
146,NAMIBIA,"41,920.85",0.0499,"30,049.51",0.0355,50.34,0,"30,756.87",0.021,1.8,0,35.97,0,"4,73,624.48",0.2498,"7,08,234.52",0.4126,8.69,0,25.86,0,"57,848.42",0.0251,"47,070.01",0.0212,70.76,0,230.83,0.0001,"1,91,259.44",0.0528,"3,76,022.43",0.1039,0.05,0
147,NAURU RP,52.67,0.0001,38.5,0,"9,87,080.89",0.8682,102.6,0.0001,"30,855.53",0.0189,"1,32,949.76",0.0698,52.11,0,356.26,0.0002,"60,276.67",0.0326,"28,293.24",0.0145,360.52,0.0002,98.53,0,"50,46,548.59",2.3374,"71,93,921.63",2.2859,245.55,0.0001,70.47,0,"10,20,197.50",1.6308
148,NEPAL,"7,15,577.12",0.8511,"7,25,131.51",0.8576,"34,94,970.09",3.0739,"13,13,024.45",0.8957,1.01,0,107.56,0.0001,"66,258.54",0.0349,"48,400.98",0.0282,"1,665.05",0.0009,877.58,0.0004,"54,30,053.60",2.353,"50,71,276.32",2.2845,"47,85,836.50",2.2166,"93,72,473.48",2.9782,"64,77,320.15",1.7885,"58,27,488.22",1.6101,"43,94,521.29",7.0246
149,NETHERLAND,"28,88,996.20",3.4362,"30,30,093.80",3.5836,"23,951.56",0.0211,"43,90,731.74",2.9951,"16,80,555.92",1.0283,"21,77,023.41",1.1428,11.75,0,4.46,0,"36,57,979.19",1.9779,"42,62,367.81",2.1786,"61,56,453.40",2.6678,"59,19,052.19",2.6664,"14,232.58",0.0066,"22,135.88",0.007,"1,74,40,918.30",4.8159,"1,85,26,011.14",5.1187,"1,698.10",0.0027
150,NETHERLANDANTIL,"8,633.71",0.0103,"13,947.06",0.0165,"7,615.25",0.0067,"18,498.07",0.0126,"57,37,255.76",3.5105,"48,74,447.28",2.5588,"27,85,909.77",1.4691,"25,55,150.62",1.4887,"34,01,704.01",1.8393,"40,34,396.77",2.062,"21,386.27",0.0093,"21,239.57",0.0096,"8,514.49",0.0039,"14,071.88",0.0045,"24,920.72",0.0069,"17,734.81",0.0049,"1,178.70",0.0019
151,NEUTRAL ZONE,4.39,0,,,"86,784.93",0.0763,78.55,0.0001,"32,735.78",0.02,"41,617.53",0.0218,"38,64,646.71",2.0379,"30,94,179.73",1.8027,"25,538.58",0.0138,"24,848.32",0.0127,"6,162.41",0.0027,"10,798.20",0.0049,"3,59,877.06",0.1667,"3,63,373.53",0.1155,"14,801.16",0.0041,"12,756.28",0.0035,"70,156.88",0.1121
152,NEW CALEDONIA,"2,055.12",0.0024,"1,667.50",0.002,"13,633.72",0.012,"28,909.92",0.0197,"6,858.22",0.0042,"5,331.01",0.0028,"25,013.41",0.0132,"24,258.70",0.0141,"5,435.65",0.0029,"6,603.53",0.0034,"2,66,096.85",0.1153,"2,68,226.99",0.1208,"66,321.63",0.0307,"80,065.54",0.0254,"4,38,263.80",0.121,"4,45,651.76",0.1231,"20,108.88",0.0321
153,NEW ZEALAND,"85,696.81",0.1019,"1,21,286.29",0.1434,"21,432.16",0.0189,"1,20,885.16",0.0825,"1,64,682.02",0.1008,"1,67,955.09",0.0882,"6,590.82",0.0035,"3,062.61",0.0018,"2,07,704.27",0.1123,"2,27,455.07",0.1163,"37,377.99",0.0162,"46,444.76",0.0209,"64,261.30",0.0298,"68,262.79",0.0217,"87,097.89",0.024,"1,09,572.51",0.0303,"13,289.70",0.0212
154,NICARAGUA,"9,447.83",0.0112,"10,956.72",0.013,"9,54,166.41",0.8392,"21,901.32",0.0149,"32,283.53",0.0198,"36,100.62",0.019,"1,96,894.80",0.1038,"2,01,459.73",0.1174,"57,825.13",0.0313,"56,278.31",0.0288,"66,470.54",0.0288,"51,922.77",0.0234,"23,15,237.90",1.0723,"34,74,512.68",1.1041,"67,549.78",0.0187,"38,991.83",0.0108,"3,58,169.70",0.5725
155,NIGER,"11,834.18",0.0141,"17,910.11",0.0212,3.95,0,"41,506.94",0.0283,"30,528.62",0.0187,"52,531.33",0.0276,"40,082.33",0.0211,"54,116.83",0.0315,"54,493.62",0.0295,"77,453.31",0.0396,"21,03,991.19",0.9117,"25,60,096.06",1.1533,2.61,0,,,"41,37,399.82",1.1424,"30,30,467.28",0.8373,135.32,0.0002
156,NIGERIA,"7,06,530.56",0.8404,"6,68,124.00",0.7902,350.27,0.0003,"13,05,140.72",0.8903,"14,91,668.87",0.9127,"16,18,074.47",0.8494,"47,829.55",0.0252,"52,815.12",0.0308,"11,82,597.08",0.6394,"14,53,525.62",0.7429,,,58.48,0,159.02,0.0001,133.3,0,0.2,0,,,"79,972.43",0.1278
157,NIUE IS,3.66,0,2.42,0,"81,593.46",0.0718,2.43,0,20.4,0,8.53,0,"16,37,591.08",0.8635,"14,52,343.44",0.8462,190.25,0.0001,247.75,0.0001,131.81,0.0001,235.46,0.0001,"2,38,589.92",0.1105,"2,83,015.52",0.0899,15.73,0,14.85,0,"5,32,201.55",0.8507
158,NORFOLK IS,181.99,0.0002,54.74,0.0001,"4,92,301.01",0.433,110.1,0.0001,267.07,0.0002,852.38,0.0004,,,25.86,0,"1,64,247.86",0.0888,"2,32,316.37",0.1187,"2,18,668.45",0.0948,"2,97,397.84",0.134,"17,43,614.57",0.8076,"23,57,249.74",0.749,"4,56,533.17",0.1261,"3,33,573.48",0.0922,"72,124.89",0.1153
159,NORWAY,"1,72,119.42",0.2047,"1,08,873.43",0.1288,24.7,0,"1,56,630.51",0.1068,"1,27,699.86",0.0781,"1,38,923.05",0.0729,35.27,0,222.22,0.0001,"18,26,217.26",0.9874,"15,71,938.00",0.8034,"15,66,933.74",0.679,"16,08,081.05",0.7244,"2,41,471.01",0.1118,"3,83,118.68",0.1217,"35,89,458.29",0.9911,"36,66,504.48",1.013,37.1,0.0001
160,OMAN,"3,54,968.47",0.4222,"4,90,230.12",0.5798,"9,25,477.16",0.814,"6,41,449.14",0.4376,"14,11,464.25",0.8636,"17,15,605.01",0.9006,"1,60,631.08",0.0847,"3,49,279.05",0.2035,"12,22,235.18",0.6609,"12,39,710.81",0.6336,"14,42,651.41",0.6251,"5,71,773.47",0.2576,155.98,0.0001,78.73,0,224.75,0.0001,,,"30,702.91",0.0491
161,PACIFIC IS,0.01,0,19.72,0,17.67,0,"15,861.43",0.0108,2.87,0,10.8,0,"14,54,776.14",0.7671,"14,40,906.38",0.8395,24.51,0,42.48,0,61.9,0,37.62,0,"1,12,238.72",0.052,"2,58,960.38",0.0823,"5,01,974.47",0.1386,"9,86,318.47",0.2725,"11,002.33",0.0176
162,PAKISTAN IR,"6,53,206.80",0.7769,"7,46,102.50",0.8824,202.24,0.0002,"7,44,826.91",0.5081,"11,23,262.97",0.6873,"13,83,234.04",0.7261,"11,35,211.32",0.5986,"14,28,653.29",0.8324,7.05,0,6.27,0,,,3.56,0,"41,624.06",0.0193,"52,118.61",0.0166,180.74,0,121.28,0,"30,362.53",0.0485
163,PALAU,99.66,0.0001,6.87,0,"56,515.35",0.0497,113.8,0.0001,19.63,0,17.27,0,41.01,0,10.31,0,"1,47,647.14",0.0798,"1,46,294.99",0.0748,"1,59,282.49",0.069,"1,68,958.31",0.0761,"1,19,165.45",0.0552,"1,57,245.22",0.05,"2,52,442.61",0.0697,"2,45,306.84",0.0678,"1,34,294.34",0.2147
164,PANAMA C Z,439.19,0.0005,325.73,0.0004,"9,979.62",0.0088,219.44,0.0001,394.64,0.0002,219.1,0.0001,42.43,0,107.41,0.0001,"24,315.29",0.0131,"27,037.91",0.0138,"34,697.25",0.015,"39,582.81",0.0178,"5,64,800.11",0.2616,"6,69,218.08",0.2127,"68,953.60",0.019,"58,029.82",0.016,"3,54,658.57",0.5669
165,PANAMA REPUBLIC,"55,942.32",0.0665,"37,074.82",0.0438,"18,899.03",0.0166,"1,11,536.35",0.0761,"1,23,265.61",0.0754,"1,28,530.51",0.0675,"1,85,096.81",0.0976,"1,31,863.97",0.0768,"83,880.21",0.0454,"1,08,613.00",0.0555,"1,11,901.62",0.0485,"89,947.86",0.0405,"10,79,059.96",0.4998,"15,71,064.04",0.4992,"1,25,830.27",0.0347,"1,75,652.63",0.0485,,
166,PAPUA N GNA,"8,950.52",0.0106,"8,357.45",0.0099,"1,89,980.24",0.1671,"17,007.10",0.0116,"16,220.95",0.0099,"26,826.18",0.0141,"31,855.58",0.0168,"25,720.87",0.015,"4,66,829.16",0.2524,"4,90,373.20",0.2506,"5,04,025.02",0.2184,"5,40,858.53",0.2436,87.16,0,,,"6,95,597.25",0.1921,"7,61,664.39",0.2104,"3,46,945.94",0.5546
167,PARAGUAY,"17,636.87",0.021,"17,519.71",0.0207,"4,00,462.19",0.3522,"32,298.93",0.022,"45,107.57",0.0276,"53,946.34",0.0283,"65,379.65",0.0345,"64,314.29",0.0375,"9,93,278.40",0.5371,"10,91,041.17",0.5576,"12,18,940.56",0.5282,"10,81,522.14",0.4872,"12,21,246.97",0.5656,"20,30,564.01",0.6452,"16,80,070.34",0.4639,"17,36,519.61",0.4798,"1,62,802.30",0.2602
168,PERU,"1,39,324.62",0.1657,"1,29,004.40",0.1526,120.54,0.0001,"2,72,030.61",0.1856,"3,47,157.52",0.2124,"3,76,604.83",0.1977,"5,02,214.05",0.2648,"4,59,577.59",0.2678,34.8,0,3.75,0,8.52,0,16.61,0,"6,22,313.14",0.2882,"8,87,461.10",0.282,0.37,0,1.36,0,"15,678.64",0.0251
169,PHILIPPINES,"3,37,935.11",0.4019,"3,54,650.05",0.4194,"3,02,942.35",0.2664,"4,76,321.82",0.3249,"6,46,549.08",0.3956,"8,61,017.68",0.452,"8,53,140.02",0.4499,"8,87,190.72",0.5169,"8,03,029.85",0.4342,"9,93,438.72",0.5078,"11,00,446.09",0.4769,"10,96,713.86",0.494,"1,15,422.22",0.0535,"2,07,757.85",0.066,"18,62,284.79",0.5142,"20,16,667.89",0.5572,"2,35,746.80",0.3768
170,PITCAIRN IS.,12.57,0,,,"2,39,502.88",0.2107,27.16,0,4.28,0,36.3,0,"6,42,000.13",0.3385,"6,71,842.19",0.3914,"4,48,954.61",0.2428,"4,81,759.84",0.2462,"5,19,454.80",0.2251,"5,28,349.51",0.238,"9,50,405.40",0.4402,"13,70,325.53",0.4354,"8,08,833.80",0.2233,"9,80,218.87",0.2708,"7,458.46",0.0119
171,POLAND,"2,34,698.64",0.2792,"1,99,041.83",0.2354,"29,497.44",0.0259,"3,76,889.18",0.2571,"4,41,237.41",0.27,"6,04,016.08",0.3171,"3,88,729.75",0.205,"3,86,607.81",0.2252,"70,891.31",0.0383,"50,303.54",0.0257,"97,078.12",0.0421,"96,520.52",0.0435,"32,509.05",0.0151,"43,731.40",0.0139,"2,13,852.94",0.0591,"1,16,239.73",0.0321,"1,37,181.98",0.2193
172,PORTUGAL,"1,99,195.84",0.2369,"1,76,883.87",0.2092,"1,70,914.44",0.1503,"2,50,161.61",0.1706,"2,87,387.33",0.1758,"3,80,859.86",0.1999,"60,755.41",0.032,"75,547.87",0.044,"5,26,164.24",0.2845,"9,48,771.97",0.4849,"11,24,421.98",0.4872,"8,99,529.59",0.4052,"2,74,661.67",0.1272,"4,41,558.39",0.1403,"15,80,100.45",0.4363,"14,07,972.73",0.389,"6,93,194.62",1.1081
173,PUERTO RICO,"30,438.24",0.0362,"41,607.61",0.0492,"17,397.65",0.0153,"49,572.25",0.0338,"57,991.13",0.0355,"55,048.05",0.0289,"6,44,294.18",0.3398,"5,89,913.16",0.3437,"27,588.33",0.0149,"29,899.43",0.0153,"32,934.59",0.0143,"28,469.49",0.0128,"19,64,970.48",0.9101,"24,23,279.92",0.77,"38,017.22",0.0105,"37,522.57",0.0104,"16,793.63",0.0268
174,QATAR,"3,07,192.44",0.3654,"2,55,943.18",0.3027,"1,94,208.21",0.1708,"3,94,933.37",0.2694,"3,74,633.57",0.2292,"5,91,120.35",0.3103,"29,796.15",0.0157,"27,947.22",0.0163,"1,72,603.70",0.0933,"2,57,165.70",0.1314,"3,00,784.01",0.1303,"2,59,627.67",0.117,"99,473.18",0.0461,"95,365.32",0.0303,"5,97,024.09",0.1649,"14,72,749.84",0.4069,,
175,REUNION,"17,487.09",0.0208,"16,214.99",0.0192,"7,70,613.67",0.6778,"23,046.70",0.0157,"26,606.92",0.0163,"31,794.12",0.0167,"2,55,369.01",0.1347,"1,67,570.03",0.0976,"12,98,532.46",0.7021,"13,62,201.92",0.6962,"16,72,679.44",0.7248,"21,39,987.91",0.964,28.23,0,10.73,0,"25,46,269.65",0.7031,"35,28,803.50",0.975,238.31,0.0004
176,ROMANIA,"2,28,655.44",0.272,"1,57,495.59",0.1863,"14,739.85",0.013,"1,28,460.53",0.0876,"1,54,176.26",0.0943,"1,73,074.11",0.0909,"12,82,356.22",0.6762,"10,40,893.51",0.6064,"59,032.58",0.0319,"58,406.13",0.0299,"1,01,882.53",0.0441,"87,821.67",0.0396,"2,000.05",0.0009,"1,044.35",0.0003,"1,15,459.60",0.0319,"1,10,470.45",0.0305,171.93,0.0003
177,RUSSIA,"4,95,824.21",0.5897,"4,63,720.99",0.5484,0.73,0,"8,54,690.29",0.583,"12,49,285.78",0.7644,"12,82,879.22",0.6734,"91,273.72",0.0481,"68,976.91",0.0402,1.59,0,8.17,0,1.79,0,2.3,0,188.84,0.0001,213.59,0.0001,23.66,0,54.73,0,51.31,0.0001
178,RWANDA,"13,672.29",0.0163,"12,523.63",0.0148,693.77,0.0006,"23,185.70",0.0158,"42,350.05",0.0259,"53,082.73",0.0279,16.67,0,0.6,0,"1,187.38",0.0006,"1,548.06",0.0008,"1,814.90",0.0008,"2,979.43",0.0013,"1,447.54",0.0007,"1,544.84",0.0005,981.28,0.0003,"1,590.77",0.0004,"17,33,668.20",2.7713
179,SAHARWI A.DM RP,27.77,0,"8,392.61",0.0099,475.74,0.0004,72.95,0,,,0.19,0,"1,514.31",0.0008,"1,461.21",0.0009,153.38,0.0001,89.02,0,106.66,0,170.67,0.0001,"43,35,888.56",2.0082,"65,31,013.73",2.0753,372.59,0.0001,429.89,0.0001,"1,43,098.45",0.2287
180,SAMOA,317.69,0.0004,676.76,0.0008,"21,29,607.06",1.8731,"1,048.23",0.0007,"1,085.24",0.0007,"2,643.41",0.0014,28.25,0,173.14,0.0001,619.85,0.0003,573.55,0.0003,827.19,0.0004,"1,060.98",0.0005,"5,15,979.11",0.239,"7,10,869.69",0.2259,"1,217.87",0.0003,"1,267.62",0.0004,"14,511.94",0.0232
181,SAO TOME,459.77,0.0005,579.68,0.0007,"95,671.91",0.0841,366.64,0.0003,,,0.19,0,894.71,0.0005,609.46,0.0004,"34,25,390.05",1.8521,"34,86,798.01",1.7821,"38,85,424.45",1.6837,"44,26,685.97",1.9941,"67,367.78",0.0312,"67,002.65",0.0213,"86,27,137.38",2.3822,"95,74,899.22",2.6455,"10,483.44",0.0168
182,SAUDI ARAB,"22,94,014.13",2.7285,"18,55,230.35",2.1942,"12,295.18",0.0108,"27,20,819.82",1.856,488.26,0.0003,558.88,0.0003,"68,02,968.33",3.5874,"41,71,203.04",2.4302,"4,24,647.28",0.2296,"4,66,840.96",0.2386,"4,46,080.92",0.1933,"3,38,825.33",0.1526,"40,948.68",0.019,"33,524.71",0.0107,"9,11,452.81",0.2517,"7,76,052.47",0.2144,"48,860.37",0.0781
183,SENEGAL,"66,069.08",0.0786,"89,332.24",0.1057,"24,654.74",0.0217,"1,78,241.95",0.1216,"53,24,443.04",3.2579,"73,86,393.58",3.8773,"3,17,315.94",0.1673,"3,66,106.26",0.2133,"33,563.28",0.0181,"38,055.09",0.0195,"50,658.02",0.022,"59,371.12",0.0267,"1,12,386.43",0.0521,"1,33,151.65",0.0423,"66,415.23",0.0183,"88,482.05",0.0244,"21,60,749.64",3.454
184,SEYCHELLES,"41,355.12",0.0492,"9,504.44",0.0112,"44,73,173.31",3.9343,"16,674.71",0.0114,"2,67,321.84",0.1636,"2,58,006.51",0.1354,"25,865.28",0.0136,"28,297.52",0.0165,"24,110.44",0.013,"27,125.53",0.0139,"58,633.27",0.0254,"47,968.93",0.0216,"64,38,216.92",2.982,"83,01,294.51",2.6378,"52,144.85",0.0144,"63,089.21",0.0174,400.54,0.0006
185,SIERRA LEONE,"21,858.39",0.026,"17,700.98",0.0209,"27,087.36",0.0238,"41,642.12",0.0284,,,"19,295.00",0.0101,"19,870.85",0.0105,"22,440.46",0.0131,"62,807.20",0.034,"60,220.23",0.0308,"78,316.02",0.0339,"81,642.62",0.0368,1.25,0,69.39,0,"1,91,421.25",0.0529,"2,21,577.45",0.0612,"33,982.43",0.0543
186,SINGAPORE,"37,75,688.18",4.4908,"35,94,829.70",4.2516,"85,230.28",0.075,"80,36,299.98",5.4819,"21,111.49",0.0129,"30,852.01",0.0162,"49,267.81",0.026,"59,457.02",0.0346,"64,11,508.51",3.4667,"65,78,930.91",3.3626,"80,94,224.79",3.5074,"63,02,692.37",2.8392,"1,15,333.49",0.0534,"1,27,543.53",0.0405,"96,18,496.34",2.6559,"1,19,39,242.02",3.2988,"80,367.65",0.1285
187,SLOVAK REP,"16,430.93",0.0195,"16,889.40",0.02,518.22,0.0005,"45,324.51",0.0309,"1,00,327.44",0.0614,"60,136.72",0.0316,"59,85,397.67",3.1563,"50,53,132.22",2.9441,1.12,0,5.07,0,,,55.66,0,"2,62,526.64",0.1216,"3,68,868.89",0.1172,8.96,0,375.1,0.0001,706.15,0.0011
188,SLOVENIA,"73,298.14",0.0872,"91,744.36",0.1085,"40,621.27",0.0357,"1,08,597.55",0.0741,"73,99,496.63",4.5276,"74,96,620.27",3.9352,"83,687.63",0.0441,"89,899.81",0.0524,"97,951.02",0.053,"98,261.68",0.0502,"1,01,963.44",0.0442,"98,144.51",0.0442,"1,218.31",0.0006,"1,379.83",0.0004,"1,52,851.52",0.0422,"1,59,783.45",0.0441,"1,06,769.74",0.1707
189,SOLOMON IS,408.87,0.0005,443.5,0.0005,"17,88,466.08",1.573,576.15,0.0004,"58,234.13",0.0356,"63,120.16",0.0331,"1,50,260.67",0.0792,"1,73,628.57",0.1012,"1,68,650.48",0.0912,"1,83,188.25",0.0936,"2,19,635.21",0.0952,"2,35,877.20",0.1063,"4,10,482.13",0.1901,"5,55,705.30",0.1766,"4,91,400.52",0.1357,"4,85,870.85",0.1342,"12,09,738.20",1.9338
190,SOMALIA,"30,883.97",0.0367,"8,282.32",0.0098,"11,68,259.91",1.0275,"71,097.63",0.0485,"1,49,474.91",0.0915,"1,27,661.24",0.067,"3,222.72",0.0017,"1,787.76",0.001,"1,542.97",0.0008,823.6,0.0004,"1,789.42",0.0008,"1,435.80",0.0006,"29,07,507.88",1.3467,"45,35,311.16",1.4411,"2,158.18",0.0006,"2,476.01",0.0007,"3,233.59",0.0052
191,SOUTH AFRICA,"8,99,429.11",1.0698,"9,75,125.38",1.1533,"15,95,089.35",1.4029,"22,72,965.55",1.5505,826.53,0.0005,"1,246.50",0.0007,"2,15,736.09",0.1138,"3,19,004.63",0.1859,"3,37,900.53",0.1827,"2,93,485.63",0.15,"3,77,208.19",0.1635,"4,14,335.12",0.1866,"16,937.96",0.0078,"20,054.00",0.0064,"7,61,248.09",0.2102,"6,79,001.11",0.1876,"6,61,835.41",1.0579
192,SPAIN,"11,38,792.36",1.3545,"9,60,376.26",1.1358,83.38,0.0001,"14,36,677.78",0.98,"99,176.32",0.0607,"1,28,726.06",0.0676,"32,36,326.24",1.7066,"23,40,660.73",1.3637,"23,77,797.85",1.2857,"24,65,980.41",1.2604,"28,33,396.89",1.2278,"29,11,431.12",1.3115,"23,96,170.03",1.1098,"35,24,400.15",1.1199,"67,87,323.04",1.8741,"72,08,657.83",1.9917,"5,95,987.85",0.9527
193,SRI LANKA DSR,"10,89,497.01",1.2959,"10,28,960.86",1.2169,335.73,0.0003,"20,95,145.80",1.4292,"27,80,338.15",1.7012,"30,76,994.55",1.6152,"19,25,068.35",1.0151,"21,21,294.92",1.2359,"2,187.11",0.0012,"2,280.08",0.0012,"7,358.86",0.0032,"14,252.47",0.0064,"25,85,729.09",1.1976,"43,33,369.93",1.377,"26,150.10",0.0072,"34,542.26",0.0095,79.77,0.0001
194,ST HELENA,85.81,0.0001,4.32,0,"1,178.72",0.001,21.97,0,"15,59,232.50",0.9541,"17,48,989.57",0.9181,"41,03,801.13",2.1641,"34,65,990.44",2.0194,"22,96,438.92",1.2417,"25,75,284.37",1.3163,"29,21,727.89",1.2661,"27,95,371.20",1.2593,125.92,0.0001,,,"37,41,006.85",1.033,"39,67,517.76",1.0962,305.94,0.0005
195,ST KITT N A,322.13,0.0004,695.16,0.0008,25.47,0,324.49,0.0002,"21,68,769.33",1.327,"27,64,366.96",1.4511,130.58,0.0001,106.3,0.0001,"26,23,276.92",1.4184,"28,86,971.31",1.4756,"32,99,621.00",1.4298,"26,93,454.09",1.2133,729.47,0.0003,"1,943.43",0.0006,"40,92,266.91",1.13,"34,11,733.95",0.9427,"2,033.63",0.0033
196,ST LUCIA,494.83,0.0006,561.8,0.0007,165.27,0.0001,644.79,0.0004,18.27,0,17.59,0,768.67,0.0004,"1,447.53",0.0008,14.07,0,3.64,0,11.35,0,227.24,0.0001,"2,510.20",0.0012,"3,035.60",0.001,41.86,0,0.13,0,539.62,0.0009
197,ST PIERRE,1.31,0,23.98,0,"2,22,413.79",0.1956,,,343,0.0002,743.53,0.0004,"1,305.63",0.0007,"1,760.81",0.001,"2,074.05",0.0011,"1,851.52",0.0009,"1,666.99",0.0007,"1,811.56",0.0008,465.51,0.0002,630.35,0.0002,"2,118.70",0.0006,"4,136.33",0.0011,18.15,0
198,ST VINCENT,371.07,0.0004,170.55,0.0002,"5,491.11",0.0048,299.26,0.0002,564.76,0.0003,"1,387.34",0.0007,0.53,0,,,"2,902.47",0.0016,"2,616.71",0.0013,"2,782.26",0.0012,"2,293.13",0.001,"1,464.95",0.0007,"1,478.41",0.0005,"4,132.72",0.0011,"6,018.27",0.0017,"72,843.43",0.1164
199,SUDAN,"2,21,794.09",0.2638,"2,18,200.91",0.2581,"39,222.79",0.0345,"3,40,626.09",0.2324,21.87,0,19.21,0,465.04,0.0002,354.76,0.0002,,,6.72,0,9.64,0,,,"7,56,600.59",0.3504,"8,02,774.62",0.2551,954.51,0.0003,"1,973.10",0.0005,"4,550.46",0.0073
200,SURINAME,"6,364.85",0.0076,"7,848.80",0.0093,"2,85,790.69",0.2514,"5,055.35",0.0034,190.25,0.0001,"1,106.16",0.0006,"5,39,457.01",0.2845,"5,10,963.50",0.2977,524.93,0.0003,442.14,0.0002,513.23,0.0002,483.23,0.0002,"12,658.29",0.0059,"12,955.51",0.0041,"2,151.12",0.0006,534.58,0.0001,,
201,SWAZILAND,"20,585.39",0.0245,"9,431.24",0.0112,"3,13,790.11",0.276,"11,158.41",0.0076,"4,11,556.32",0.2518,"5,21,298.39",0.2736,"10,770.94",0.0057,"8,408.44",0.0049,,,9.82,0,"1,038.74",0.0005,770.81,0.0003,"18,071.50",0.0084,"20,021.34",0.0064,"14,69,247.73",0.4057,"6,66,338.50",0.1841,"9,463.65",0.0151
202,SWEDEN,"2,57,963.42",0.3068,"2,25,192.81",0.2663,"2,23,935.08",0.197,"3,95,277.85",0.2696,"16,514.22",0.0101,"14,597.87",0.0077,"24,595.39",0.013,"38,746.90",0.0226,"5,02,101.20",0.2715,"5,30,258.97",0.271,"6,43,454.38",0.2788,"7,79,108.26",0.351,"5,64,562.17",0.2615,"7,72,488.35",0.2455,"9,866.33",0.0027,"24,185.93",0.0067,"1,63,948.82",0.2621
203,SWITZERLAND,"3,52,525.70",0.4193,"2,78,424.82",0.3293,"10,47,916.94",0.9217,"5,27,956.45",0.3601,"26,056.81",0.0159,"13,696.20",0.0072,"4,52,646.71",0.2387,"4,47,551.80",0.2608,"7,039.96",0.0038,"11,197.48",0.0057,"15,734.17",0.0068,"22,105.25",0.01,"9,34,060.86",0.4326,"10,05,377.83",0.3195,,,87.9,0,"3,13,245.93",0.5007
204,SYRIA,"1,66,657.08",0.1982,"1,63,875.33",0.1938,"8,305.24",0.0073,"2,56,823.96",0.1752,"3,73,527.33",0.2286,"4,44,585.95",0.2334,"6,53,874.89",0.3448,"6,42,128.92",0.3741,"26,504.73",0.0143,"21,078.01",0.0108,,,0.97,0,"92,167.71",0.0427,"78,549.93",0.025,"11,884.64",0.0033,"20,512.93",0.0057,"17,511.06",0.028
205,TAIWAN,"6,68,173.16",0.7947,"8,81,271.49",1.0423,"6,70,141.48",0.5894,"15,98,615.65",1.0905,"6,07,906.98",0.372,"10,73,696.16",0.5636,"1,14,530.36",0.0604,"89,609.84",0.0522,"4,75,408.04",0.2571,"4,97,237.23",0.2541,"13,347.82",0.0058,"13,192.95",0.0059,"12,00,649.37",0.5561,"20,55,115.69",0.653,"7,72,058.50",0.2132,"8,43,613.80",0.2331,"2,50,313.16",0.4001
206,TAJIKISTAN,"7,630.08",0.0091,"7,452.33",0.0088,"10,34,625.66",0.91,"10,199.74",0.007,"1,40,587.13",0.086,"1,40,901.85",0.074,"13,33,672.70",0.7033,"9,32,864.15",0.5435,"6,54,302.22",0.3538,"6,98,697.94",0.3571,"5,53,490.49",0.2398,"5,30,066.73",0.2388,"39,496.21",0.0183,"26,405.02",0.0084,"10,81,303.68",0.2986,"12,63,803.95",0.3492,"5,399.13",0.0086
207,TANZANIA REP,"4,72,958.89",0.5625,"4,36,964.46",0.5168,"2,45,841.88",0.2162,"7,69,675.43",0.525,"16,55,512.26",1.013,"12,06,046.97",0.6331,"32,806.86",0.0173,"14,549.47",0.0085,"81,675.79",0.0442,"98,851.74",0.0505,"8,29,176.86",0.3593,"8,50,529.75",0.3831,"10,64,420.68",0.493,"17,22,386.07",0.5473,"83,554.02",0.0231,"52,271.08",0.0144,"6,05,891.32",0.9685
208,THAILAND,"8,72,399.50",1.0376,"8,22,762.26",0.9731,"93,209.83",0.082,"14,25,353.49",0.9723,"19,135.95",0.0117,"32,728.04",0.0172,"15,13,271.05",0.798,"10,80,038.12",0.6293,"14,66,603.92",0.793,"13,89,930.89",0.7104,"1,08,091.89",0.0468,"1,12,993.85",0.0509,"31,30,061.95",1.4497,"42,89,767.75",1.3631,"21,10,663.58",0.5828,"15,23,600.84",0.421,"6,33,119.31",1.012
209,TIMOR LESTE,422.42,0.0005,577.85,0.0007,"6,724.13",0.0059,"3,740.24",0.0026,"11,73,292.05",0.7179,"20,90,708.47",1.0975,"21,20,920.91",1.1184,"19,55,688.60",1.1394,"13,708.42",0.0074,"15,433.64",0.0079,"18,51,777.61",0.8024,"11,88,440.32",0.5354,"18,661.71",0.0086,"19,425.30",0.0062,"39,609.50",0.0109,"42,684.12",0.0118,"7,849.39",0.0125
210,TOGO,"65,620.17",0.078,"77,157.73",0.0913,324.03,0.0003,"1,73,489.05",0.1183,"20,31,024.16",1.2427,"22,43,108.17",1.1775,"1,992.33",0.0011,"2,235.10",0.0013,"11,96,655.93",0.647,"10,44,000.20",0.5336,"15,628.32",0.0068,"16,663.29",0.0075,"11,39,361.27",0.5277,"22,48,060.70",0.7143,"31,57,853.80",0.872,"38,26,430.09",1.0572,"5,49,492.59",0.8784
211,TOKELAU IS,15.8,0,1.35,0,"28,690.16",0.0252,22.89,0,"1,173.60",0.0007,"1,304.96",0.0007,"4,20,423.27",0.2217,"3,50,358.90",0.2041,"21,01,241.89",1.1362,"23,55,130.04",1.2037,"11,92,459.98",0.5167,"12,32,747.02",0.5553,624.78,0.0003,990.34,0.0003,"45,81,006.57",1.2649,"41,72,172.17",1.1528,20.22,0
212,TONGA,148.77,0.0002,227.17,0.0003,"1,28,162.45",0.1127,374.48,0.0003,"1,62,840.10",0.0996,"2,72,140.69",0.1429,0.17,0,,,"1,551.16",0.0008,"2,138.70",0.0011,"31,10,607.15",1.3479,"30,45,149.34",1.3718,"55,332.32",0.0256,"69,585.57",0.0221,"28,570.03",0.0079,"39,713.52",0.011,72.92,0.0001
213,TRINIDAD,"1,43,698.43",0.1709,"72,771.90",0.0861,"12,50,981.61",1.1003,"39,460.09",0.0269,17.4,0,95.53,0.0001,558.88,0.0003,725.66,0.0004,"2,11,638.20",0.1144,"2,63,860.17",0.1349,"3,686.13",0.0016,"4,496.83",0.002,"1,95,745.34",0.0907,"3,03,415.30",0.0964,"48,51,038.81",1.3395,"26,73,621.56",0.7387,"17,359.58",0.0277
214,TUNISIA,"96,789.44",0.1151,"1,00,692.71",0.1191,"11,900.06",0.0105,"1,36,882.73",0.0934,907.91,0.0006,640.08,0.0003,"1,01,113.75",0.0533,"60,682.88",0.0354,23.29,0,,,"4,87,099.73",0.2111,"7,39,505.61",0.3331,"29,23,183.60",1.3539,"65,03,732.44",2.0666,"1,164.51",0.0003,"1,315.33",0.0004,"46,134.34",0.0737
215,TURKEY,"6,37,029.19",0.7577,"7,27,779.93",0.8607,23.73,0,"16,89,401.15",1.1524,"44,379.47",0.0272,"63,012.98",0.0331,"1,52,610.65",0.0805,"1,45,889.41",0.085,806.2,0.0004,809.01,0.0004,1.47,0,0.54,0,"44,425.92",0.0206,"77,568.17",0.0246,"84,134.65",0.0232,"90,263.51",0.0249,"9,47,459.62",1.5145
216,TURKMENISTAN,"19,145.32",0.0228,"17,056.93",0.0202,55.98,0,"21,175.41",0.0144,"1,62,992.28",0.0997,"1,66,031.59",0.0872,"32,76,051.53",1.7276,"27,13,559.96",1.581,"56,690.72",0.0307,"57,170.34",0.0292,242.68,0.0001,467.38,0.0002,92.32,0,480.18,0.0002,"3,39,533.63",0.0938,"3,63,777.60",0.1005,"6,028.09",0.0096
217,TURKS C IS,236.38,0.0003,82.33,0.0001,"1,53,86,613.16",13.5331,84.21,0.0001,"21,52,437.88",1.317,"27,04,237.63",1.4195,"56,322.17",0.0297,"44,662.04",0.026,"1,71,246.69",0.0926,"1,81,649.74",0.0928,"58,464.53",0.0253,"60,229.64",0.0271,1.86,0,162.18,0.0001,"77,26,043.46",2.1334,"55,06,908.71",1.5215,75.17,0.0001
218,TUVALU,"2,959.92",0.0035,101.87,0.0001,"33,17,264.96",2.9177,6.96,0,"38,031.18",0.0233,"44,785.34",0.0235,88.33,0,106.03,0.0001,"31,03,080.31",1.6779,"32,81,480.12",1.6772,"2,12,654.08",0.0921,"1,73,635.52",0.0782,"1,23,33,391.82",5.7124,"2,09,15,828.49",6.6462,"71,970.34",0.0199,"30,981.80",0.0086,6.39,0
219,U ARAB EMTS,"1,10,22,907.95",13.1107,"1,13,34,791.85",13.4055,"1,15,19,450.49",10.1318,"1,72,26,846.75",11.7512,177.96,0.0001,238.96,0.0001,19.62,0,35.46,0,"38,662.91",0.0209,"35,047.17",0.0179,"38,05,911.90",1.6492,"35,22,495.49",1.5868,"60,24,489.75",2.7904,"77,99,211.31",2.4783,"1,417.05",0.0004,915.48,0.0003,"47,85,799.91",7.6501
220,U K,"30,34,457.97",3.6092,"29,47,631.02",3.4861,"1,33,159.65",0.1171,"41,14,022.86",2.8064,3.28,0,37.74,0,"2,01,85,269.18",10.6443,"1,98,30,623.30",11.5537,526.64,0.0003,736.78,0.0004,"32,045.18",0.0139,"23,964.06",0.0108,"3,81,84,452.93",17.6858,"5,67,96,119.26",18.0476,201.18,0.0001,88.34,0,"22,48,141.61",3.5936
221,U S A,"96,45,841.97",11.4728,"92,41,651.34",10.93,"2,33,329.09",0.2052,"1,66,45,541.98",11.3547,"1,97,83,205.07",12.1049,"1,84,77,865.27",9.6996,"56,96,907.25",3.0041,"57,76,986.12",3.3658,55.27,0,40.34,0,182.55,0.0001,451.4,0.0002,"4,96,814.30",0.2301,"5,19,916.83",0.1652,"2,53,85,238.28",7.0095,"2,95,09,524.29",8.1534,"1,18,13,979.03",18.8846
222,UGANDA,"1,00,749.23",0.1198,"98,077.16",0.116,"10,731.63",0.0094,"2,09,471.21",0.1429,"46,87,821.74",2.8684,"59,21,915.72",3.1086,"2,59,42,751.55",13.6804,"2,63,86,048.73",15.373,"2,08,93,949.32",11.2975,"1,81,45,692.74",9.2745,1.37,0,1.23,0,"3,33,835.38",0.1546,"3,51,750.60",0.1118,"91,71,501.11",2.5325,"1,06,96,407.40",2.9554,"64,547.04",0.1032
223,UKRAINE,"1,80,771.03",0.215,"1,36,124.32",0.161,"65,61,988.75",5.7715,"2,36,233.51",0.1611,"1,96,74,080.47",12.0381,"2,36,58,980.41",12.4193,"3,38,988.59",0.1788,"3,73,116.92",0.2174,"57,18,181.76",3.0919,"62,43,140.13",3.191,"2,10,21,093.32",9.109,"2,04,23,782.22",9.2005,"5,43,337.95",0.2517,"9,70,701.37",0.3085,"6,30,15,151.31",17.4001,"6,41,76,635.11",17.7318,"19,225.60",0.0307
224,UNION OF SERBIA & MONTENEGRO,"6,382.94",0.0076,"6,057.16",0.0072,"38,834.77",0.0342,"19,783.76",0.0135,"2,53,216.92",0.1549,"3,21,688.11",0.1689,"2,12,821.35",0.1122,"1,69,664.47",0.0988,"2,83,00,800.88",15.3024,"3,08,60,269.10",15.7731,"65,10,479.78",2.8212,"61,88,224.21",2.7877,"77,429.11",0.0359,"1,12,322.00",0.0357,"4,49,546.75",0.1241,"4,20,533.05",0.1162,"4,96,650.44",0.7939
225,UNSPECIFIED,"20,31,903.63",2.4168,"19,61,967.89",2.3204,"27,464.13",0.0242,"76,93,573.45",5.2481,"2,83,140.72",0.1732,"2,93,117.05",0.1539,"4,070.06",0.0021,878.57,0.0005,"3,31,545.85",0.1793,"3,43,072.19",0.1753,"3,66,48,039.35",15.8806,"3,76,16,554.11",16.9455,714.99,0.0003,246.12,0.0001,"1,06,502.35",0.0294,"1,43,465.66",0.0396,"19,883.31",0.0318
226,URUGUAY,"29,728.79",0.0354,"22,875.58",0.0271,"1,130.75",0.001,"67,549.83",0.0461,"38,695.33",0.0237,"18,213.49",0.0096,"25,29,718.89",1.334,"16,21,406.64",0.9447,"2,08,005.94",0.1125,"2,12,814.44",0.1088,"4,05,783.27",0.1758,"4,40,613.31",0.1985,"2,07,190.56",0.096,"2,02,305.81",0.0643,"24,48,253.58",0.676,"24,72,621.68",0.6832,51.86,0.0001
227,UZBEKISTAN,"20,927.32",0.0249,"25,647.28",0.0303,"79,917.13",0.0703,"43,018.55",0.0293,"29,54,168.02",1.8076,"69,07,256.66",3.6258,"1,27,018.41",0.067,"99,589.56",0.058,102.4,0.0001,0.59,0,"2,73,603.18",0.1186,"3,28,622.35",0.148,"1,665.87",0.0008,"2,351.73",0.0007,"1,24,483.49",0.0344,"4,32,683.02",0.1195,"66,661.08",0.1066
228,VANUATU REP,"2,409.86",0.0029,"1,074.92",0.0013,"12,04,507.36",1.0594,"1,276.45",0.0009,"78,080.84",0.0478,"97,547.74",0.0512,415.27,0.0002,112.35,0.0001,"16,55,458.32",0.8951,"15,66,194.76",0.8005,,,0.02,0,48.65,0,25.11,0,91.74,0,249.04,0.0001,414.33,0.0007
229,VENEZUELA,"84,764.70",0.1008,"86,921.27",0.1028,601.72,0.0005,"1,20,390.86",0.0821,"67,964.92",0.0416,"69,241.49",0.0363,"1,04,192.27",0.0549,"61,838.61",0.036,"1,26,264.69",0.0683,"1,02,772.95",0.0525,"20,32,943.91",0.8809,"18,02,082.50",0.8118,"4,12,489.78",0.1911,"2,48,399.90",0.0789,"2,27,923.62",0.0629,"3,08,589.90",0.0853,,
230,VIETNAM SOC REP,"7,94,947.72",0.9455,"8,67,397.61",1.0259,33.96,0,"18,08,498.30",1.2337,"1,869.45",0.0011,"1,686.33",0.0009,"1,137.06",0.0006,"1,315.96",0.0008,723.01,0.0004,336.89,0.0002,"1,26,813.68",0.055,"1,04,143.42",0.0469,"37,03,486.15",1.7153,"49,93,740.82",1.5868,"2,716.58",0.0008,"3,242.28",0.0009,"28,888.13",0.0462
231,VIRGIN IS US,621.12,0.0007,"2,038.21",0.0024,"2,35,168.43",0.2068,"1,874.41",0.0013,"1,27,720.81",0.0781,"1,19,553.74",0.0628,73.74,0,34.4,0,"72,852.59",0.0394,"85,598.98",0.0438,461.23,0.0002,279.93,0.0001,"55,932.52",0.0259,"3,195.12",0.001,128,0,75.12,0,"7,25,244.64",1.1593
232,WALLIS F IS,70.51,0.0001,74.5,0.0001,"53,905.17",0.0474,100.3,0.0001,"21,56,284.25",1.3194,"33,25,325.42",1.7456,"1,58,004.43",0.0833,"85,175.22",0.0496,"1,394.25",0.0008,"1,464.37",0.0007,"1,41,656.40",0.0614,"1,27,577.03",0.0575,17.05,0,3.55,0,"1,42,370.25",0.0393,"1,45,124.68",0.0401,331.17,0.0005
233,YEMEN REPUBLC,"3,53,281.31",0.4202,"3,45,017.76",0.408,"51,406.45",0.0452,"3,50,392.50",0.239,776.91,0.0005,"2,419.21",0.0013,"38,31,863.74",2.0207,"34,58,935.28",2.0152,27.47,0,73.9,0,"1,386.28",0.0006,"1,711.29",0.0008,"5,82,439.99",0.2698,"6,32,919.06",0.2011,"47,54,342.55",1.3128,"45,28,848.26",1.2513,"1,06,451.58",0.1702
234,ZAMBIA,"49,058.39",0.0584,"41,821.23",0.0495,,,"1,01,561.35",0.0693,11.06,0,0.43,0,"2,963.03",0.0016,"2,780.52",0.0016,"41,615.42",0.0225,"51,053.33",0.0261,19.54,0,22.68,0,"1,98,741.07",0.0921,"2,53,956.90",0.0807,"6,146.76",0.0017,"4,830.77",0.0013,"33,392.09",0.0534
235,ZIMBABWE,"27,617.27",0.0328,"22,902.89",0.0271,,,"61,939.81",0.0423,"8,02,402.33",0.491,"7,88,634.49",0.414,21.46,0,,,"45,50,869.28",2.4607,"50,38,837.66",2.5754,"1,15,404.78",0.05,"2,43,943.88",0.1099,"1,30,499.37",0.0604,"1,49,392.43",0.0475,0.89,0,,,"13,292.51",0.0212
,India's Total Export,"8,40,75,505.87",,"8,45,53,364.38",,,,,,"1,32,216.02",0.0809,"2,28,325.96",0.1199,"6,04,546.61",0.3188,"2,63,534.70",0.1535,"3,583.02",0.0019,"1,854.44",0.0009,"45,40,970.37",1.9677,"35,85,131.26",1.615,,,,,"7,99,647.98",0.2208,"7,25,649.32",0.2005,,
,,,,,,,,,,"83,354.53",0.051,"95,764.56",0.0503,"2,24,265.46",0.1183,"1,94,718.18",0.1134,3.61,0,33.03,0,"30,040.13",0.013,"56,386.57",0.0254,,,,,"2,24,632.70",0.062,"2,02,279.31",0.0559,,
DOC-NIC,,,,,,,,,,,,,,"1,37,273.87",0.0724,"1,33,319.50",0.0777,"2,98,951.88",0.1616,"3,63,203.77",0.1856,,,15.92,0,,,,,"1,25,862.03",0.0348,"1,26,169.37",0.0349,,
,,,,,,,,,,,,,,,,,,"1,58,945.83",0.0859,"1,89,757.74",0.097,"5,16,924.49",0.224,"5,12,021.11",0.2307,,,,,,,,,,
,,,,,,,,,,,,,,,,,,"73,115.20",0.0395,"1,05,462.93",0.0539,"2,23,781.58",0.097,"1,75,418.66",0.079,,,,,,,,,,
,,,,,,,,,,,,,,,,,,,,,,"1,26,882.06",0.055,"1,13,750.45",0.0512,,,,,,,,,,
